"Rk,Player,Pos,Age,Tm,G,MP,PER,TS%,3PAr,FTr,ORB%,DRB%,TRB%,AST%,STL%,BLK%,TOV%,USG%,,OWS,DWS,WS,WS/48,,OBPM,DBPM,BPM,VORP"
"1,Alex Abrines\abrinal01,SG,25,OKC,31,588,6.3,.507,.809,.083,0.9,7.8,4.2,4.4,1.3,0.9,7.9,12.3,,0.1,0.6,0.6,.053,,-2.5,-0.9,-3.4,-0.2"
"2,Quincy Acy\acyqu01,PF,28,PHO,10,123,2.9,.379,.833,.556,2.7,20.1,11.3,8.2,0.4,2.7,15.2,9.2,,-0.1,0.1,0.0,-0.019,,-5.7,-0.2,-5.9,-0.1"
"3,Jaylen Adams\adamsja01,PG,22,ATL,29,335,8.1,.520,.762,.095,2.8,12.2,7.4,19.3,1.0,1.0,19.4,13.2,,0.1,0.1,0.2,.031,,-2.2,-1.9,-4.1,-0.2"
"4,Steven Adams\adamsst01,C,25,OKC,75,2536,18.8,.596,.003,.361,14.4,14.8,14.6,6.8,2.1,2.3,12.6,16.4,,5.0,3.8,8.8,.167,,0.7,2.2,2.9,3.1"
"5,Bam Adebayo\adebaba01,C,21,MIA,77,1782,17.8,.623,.027,.480,9.3,23.8,16.6,14.6,1.7,3.1,17.4,15.7,,3.3,3.1,6.3,.170,,-0.6,3.5,2.9,2.2"
"6,Deng Adel\adelde01,SF,21,CLE,16,185,2.0,.387,.618,.059,1.1,9.4,5.1,3.6,0.3,1.9,12.5,9.4,,-0.2,0.0,-0.2,-0.065,,-5.7,-1.6,-7.3,-0.2"
"7,DeVaughn Akoon-Purcell\akoonde01,SG,25,DEN,7,22,8.3,.322,.400,.200,4.9,14.8,9.8,37.1,4.5,0.0,15.5,25.0,,-0.1,0.0,0.0,-0.048,,-4.3,0.7,-3.6,0.0"
"8,LaMarcus Aldridge\aldrila01,C,33,SAS,76,2531,22.7,.573,.031,.310,10.1,19.5,14.9,11.9,0.8,3.3,9.0,27.0,,5.9,2.6,8.5,.160,,1.1,0.4,1.5,2.2"
"9,Rawle Alkins\alkinra01,SG,21,CHI,6,42,11.8,.346,.313,.188,23.1,13.1,18.2,19.7,1.2,0.0,14.8,21.1,,0.0,0.0,0.0,-0.028,,-1.6,-1.5,-3.1,0.0"
"10,Grayson Allen\allengr01,SG,23,UTA,33,302,4.5,.465,.627,.356,0.4,3.5,2.0,8.4,0.6,0.8,11.7,21.9,,-0.4,0.3,-0.1,-0.022,,-4.5,-3.5,-8.0,-0.5"
"11,Jarrett Allen\allenja01,C,20,BRK,76,2007,18.6,.630,.081,.504,9.7,23.6,16.7,8.1,1.0,4.5,13.0,16.0,,4.2,3.1,7.3,.175,,-0.6,3.1,2.5,2.3"
"12,Kadeem Allen\allenka01,SG,26,NYK,18,387,15.7,.582,.252,.351,2.1,10.6,6.2,27.7,1.7,0.7,14.7,19.5,,0.7,0.2,0.8,.104,,0.3,-1.9,-1.6,0.0"
"13,Al-Farouq Aminu\aminual01,PF,28,POR,77,2196,13.1,.571,.473,.287,5.3,22.4,14.0,6.1,1.4,1.1,9.8,13.4,,2.9,2.6,5.5,.121,,0.1,0.9,0.9,1.6"
"14,Justin Anderson\anderju01,SF,25,ATL,43,364,11.3,.504,.481,.194,5.4,13.6,9.4,7.4,2.3,2.6,10.8,17.6,,0.0,0.3,0.3,.042,,-2.7,-0.5,-3.2,-0.1"
"15,Kyle Anderson\anderky01,SF,25,MEM,43,1281,12.8,.569,.123,.232,4.1,18.2,11.0,15.1,2.1,2.8,16.0,12.6,,0.8,1.9,2.7,.101,,-2.1,3.3,1.2,1.0"
"16,Ryan Anderson\anderry01,PF,30,TOT,24,321,4.6,.414,.580,.232,6.1,12.5,9.3,7.8,0.6,0.3,15.5,12.0,,-0.3,0.0,-0.2,-0.033,,-4.5,-1.9,-6.4,-0.4"
"16,Ryan Anderson\anderry01,PF,30,PHO,15,278,4.6,.423,.567,.233,5.5,12.5,9.0,8.1,0.5,0.3,15.4,12.1,,-0.2,0.0,-0.2,-0.036,,-4.4,-2.1,-6.5,-0.3"
"16,Ryan Anderson\anderry01,PF,30,MIA,9,43,4.6,.354,.667,.222,9.9,12.4,11.2,6.0,1.1,0.0,16.8,11.8,,0.0,0.0,0.0,-0.010,,-4.9,-0.9,-5.8,0.0"
"17,Ike Anigbogu\anigbik01,C,20,IND,3,6,-6.0,.000,.000,.000,19.0,36.3,27.8,19.4,0.0,14.8,25.0,29.2,,-0.1,0.0,-0.1,-0.478,,-22.6,8.5,-14.0,0.0"
"18,Giannis Antetokounmpo\antetgi01,PF,24,MIL,70,2299,30.5,.641,.158,.540,7.3,30.0,19.4,30.4,1.8,3.7,15.1,32.2,,8.3,5.4,13.8,.288,,5.5,5.0,10.5,7.3"
"19,Kostas Antetokounmpo\antetko01,PF,21,DAL,2,11,-0.8,.210,.000,1.333,0.0,9.7,4.9,0.0,8.8,0.0,17.4,22.5,,-0.1,0.0,-0.1,-0.247,,-15.9,2.7,-13.2,0.0"
"20,Carmelo Anthony\anthoca01,PF,34,HOU,10,294,11.0,.513,.529,.182,3.3,17.4,10.2,2.7,0.7,2.0,5.8,20.5,,0.1,0.2,0.3,.046,,-3.1,-2.9,-6.0,-0.3"
"21,OG Anunoby\anunoog01,SF,21,TOR,64,1301,10.0,.548,.500,.154,4.8,10.8,7.9,4.6,1.6,1.4,10.9,15.4,,0.4,1.6,2.0,.073,,-1.1,0.1,-1.0,0.3"
"22,Ryan Arcidiacono\arcidry01,PG,24,CHI,77,1862,11.3,.588,.536,.234,1.4,10.4,5.9,18.7,1.6,0.2,12.2,11.3,,2.6,0.8,3.4,.088,,-0.1,-1.0,-1.1,0.4"
"23,Trevor Ariza\arizatr01,SF,33,TOT,69,2349,12.1,.534,.590,.223,2.3,15.2,8.7,14.8,1.8,0.7,11.6,16.6,,1.3,1.3,2.6,.053,,-0.1,-0.4,-0.4,0.9"
"23,Trevor Ariza\arizatr01,SF,33,PHO,26,884,10.5,.525,.612,.189,2.0,16.4,9.1,13.5,2.1,0.8,13.7,13.8,,0.2,0.5,0.7,.037,,-1.2,0.3,-0.9,0.2"
"23,Trevor Ariza\arizatr01,SF,33,WAS,43,1465,13.0,.538,.580,.238,2.5,14.4,8.4,15.6,1.7,0.7,10.6,18.2,,1.1,0.8,1.9,.062,,0.6,-0.7,-0.2,0.7"
"24,D.J. Augustin\augusdj01,PG,31,ORL,77,2148,15.8,.619,.466,.318,1.9,7.4,4.6,26.8,1.1,0.2,13.8,17.1,,4.9,1.7,6.7,.149,,1.8,-2.0,-0.2,1.0"
"25,Deandre Ayton\aytonde01,C,20,PHO,71,2183,20.5,.608,.005,.217,11.2,26.1,18.5,9.7,1.3,2.5,11.7,21.2,,4.1,1.8,6.0,.131,,0.0,0.3,0.2,1.2"
"26,Dwayne Bacon\bacondw01,SG,23,CHO,38,610,11.8,.572,.324,.221,1.2,13.0,7.0,9.3,0.8,0.6,6.7,16.9,,0.7,0.2,1.0,.076,,-1.4,-2.3,-3.7,-0.3"
"27,Marvin Bagley\baglema01,PF,19,SAC,57,1427,19.2,.574,.128,.388,10.4,20.1,15.1,6.1,1.0,3.4,11.1,23.7,,2.1,1.6,3.6,.122,,-0.9,-0.4,-1.2,0.3"
"28,Ron Baker\bakerro01,SG,25,TOT,15,152,2.5,.309,.650,.300,0.7,7.2,3.8,12.8,1.9,0.6,18.1,7.7,,-0.2,0.1,-0.1,-0.034,,-5.8,-0.8,-6.6,-0.2"
"28,Ron Baker\bakerro01,SG,25,NYK,11,107,4.4,.376,.563,.375,1.0,6.1,3.4,16.1,2.2,0.0,13.9,8.6,,0.0,0.0,0.0,.002,,-4.6,-1.5,-6.1,-0.1"
"28,Ron Baker\bakerro01,SG,25,WAS,4,45,-2.0,.000,1.000,.000,0.0,9.8,4.8,5.1,1.1,1.9,33.3,5.7,,-0.1,0.0,-0.1,-0.120,,-8.8,0.8,-8.0,-0.1"
"29,Wade Baldwin\baldwwa01,PG,22,POR,16,94,1.3,.396,.273,.333,2.3,14.4,8.5,16.7,0.5,1.7,27.0,23.3,,-0.4,0.1,-0.3,-0.153,,-9.3,-1.4,-10.7,-0.2"
"30,Lonzo Ball\balllo01,PG,21,LAL,47,1423,11.8,.487,.500,.105,4.0,14.0,9.1,23.8,2.3,1.1,17.8,16.9,,-0.2,1.7,1.5,.052,,-0.9,1.4,0.5,0.9"
"31,Mohamed Bamba\bambamo01,C,20,ORL,47,766,14.9,.539,.288,.259,8.8,23.9,16.3,7.5,0.8,7.0,13.7,17.9,,0.3,1.4,1.7,.105,,-3.3,3.1,-0.2,0.4"
"32,J.J. Barea\bareajo01,PG,34,DAL,38,752,16.4,.495,.332,.203,1.9,11.6,6.8,47.8,1.4,0.1,14.7,28.1,,0.5,0.6,1.0,.065,,1.1,-2.1,-1.0,0.2"
"33,Harrison Barnes\barneha02,PF-SF,26,TOT,72,2393,12.8,.549,.432,.265,2.4,12.5,7.5,6.7,1.0,0.4,8.0,21.1,,1.8,1.6,3.4,.068,,-0.6,-1.7,-2.3,-0.2"
"33,Harrison Barnes\barneha02,PF,26,DAL,49,1584,13.1,.538,.434,.276,2.5,11.5,7.0,6.3,1.0,0.6,7.8,23.7,,0.9,1.1,2.0,.060,,-0.8,-2.1,-3.0,-0.4"
"33,Harrison Barnes\barneha02,SF,26,SAC,23,809,12.0,.578,.427,.233,2.4,14.5,8.3,7.4,0.9,0.1,8.5,16.1,,0.9,0.5,1.4,.085,,-0.1,-1.0,-1.1,0.2"
"34,Will Barton\bartowi01,SG,28,DEN,37,1041,11.6,.512,.429,.163,3.0,15.1,9.1,15.1,0.8,1.7,12.0,20.5,,0.3,1.0,1.3,.059,,-1.4,-0.5,-1.8,0.0"
"35,Keita Bates-Diop\bateske01,SF,23,MIN,25,397,9.7,.494,.373,.218,3.2,13.6,8.3,4.1,1.4,2.6,6.2,13.6,,0.1,0.3,0.3,.040,,-3.0,-0.3,-3.3,-0.1"
"36,Nicolas Batum\batumni01,SF,30,CHO,71,2268,12.1,.582,.527,.160,3.3,14.9,8.9,14.7,1.5,1.6,16.2,13.4,,2.0,1.6,3.7,.077,,0.0,0.9,0.9,1.7"
"37,Jerryd Bayless\bayleje01,PG,30,MIN,32,626,8.6,.426,.432,.117,1.9,8.3,5.0,24.5,1.4,0.3,11.4,17.6,,-0.2,0.2,0.0,-0.003,,-2.3,-2.7,-5.0,-0.5"
"38,Aron Baynes\baynear01,C,32,BOS,48,755,13.3,.555,.284,.279,11.3,19.2,15.2,9.2,0.6,3.5,13.7,15.4,,1.0,1.0,2.0,.128,,-1.5,1.1,-0.5,0.3"
"39,Kent Bazemore\bazemke01,SG,29,ATL,63,1558,11.9,.505,.428,.260,2.4,14.9,8.5,13.5,2.5,2.3,13.7,21.9,,-0.7,1.4,0.7,.023,,-2.4,0.2,-2.2,-0.1"
"40,Bradley Beal\bealbr01,SG,25,WAS,78,2935,20.7,.583,.373,.284,3.2,11.6,7.3,23.9,1.9,1.6,11.2,28.3,,5.7,1.7,7.4,.122,,3.9,-1.1,2.9,3.6"
"41,Malik Beasley\beaslma01,SG,22,DEN,75,1751,13.9,.598,.553,.084,2.0,9.9,6.0,7.4,1.3,0.5,6.5,18.3,,2.8,1.5,4.2,.116,,1.4,-1.9,-0.6,0.6"
"42,Michael Beasley\beaslmi01,PF,30,LAL,26,277,15.9,.532,.111,.255,5.0,17.2,11.2,14.7,1.5,2.9,13.7,29.5,,-0.1,0.4,0.2,.038,,-3.7,-0.5,-4.2,-0.2"
"43,Marco Belinelli\belinma01,SG,32,SAS,75,1744,12.8,.570,.571,.186,1.0,10.9,6.0,10.3,1.0,0.4,8.5,19.9,,1.8,1.0,2.8,.077,,0.9,-2.4,-1.4,0.3"
"44,Jordan Bell\belljo01,C,24,GSW,62,709,12.8,.527,.012,.226,7.7,16.8,12.5,12.2,1.3,5.6,16.6,13.0,,0.5,1.0,1.4,.097,,-3.1,2.9,-0.2,0.3"
"45,DeAndre' Bembry\bembrde01,SG,24,ATL,77,1818,10.4,.502,.288,.209,2.8,16.6,9.6,14.5,2.5,2.0,17.5,16.9,,-1.0,1.7,0.7,.019,,-3.5,1.3,-2.1,-0.1"
"46,Dragan Bender\bendedr01,PF,21,PHO,42,693,8.5,.525,.548,.223,4.3,19.5,11.8,8.2,1.0,1.8,15.2,12.6,,0.0,0.3,0.3,.022,,-3.3,-0.6,-3.9,-0.3"
"47,Dairis Bertans\bertada02,SG,29,NOP,8,89,1.5,.365,.769,.000,2.4,3.5,2.9,5.4,0.5,0.0,7.1,12.9,,-0.1,0.0,-0.1,-0.067,,-4.3,-3.7,-8.0,-0.1"
"48,Davis Bertans\bertada01,PF,26,SAS,71,1526,13.0,.637,.760,.130,1.7,16.2,8.9,8.1,1.0,1.8,8.1,13.8,,2.5,1.3,3.8,.119,,1.7,-0.3,1.4,1.3"
"49,Patrick Beverley\beverpa01,PG,30,LAC,77,2115,11.7,.557,.588,.263,3.9,14.9,9.6,18.2,1.5,1.6,13.9,12.1,,2.8,2.1,4.8,.109,,1.1,1.3,2.4,2.4"
"50,Khem Birch\birchkh01,C,26,ORL,46,577,19.7,.648,.008,.602,13.3,19.0,16.1,8.8,1.4,3.8,10.1,14.2,,1.7,0.9,2.6,.219,,0.3,2.3,2.6,0.7"
"51,Bismack Biyombo\biyombi01,C,26,CHO,49,688,15.0,.616,.000,.584,10.9,23.5,17.1,5.7,0.6,5.2,14.4,12.6,,1.2,0.7,1.9,.134,,-2.4,1.6,-0.8,0.2"
"52,Nemanja Bjelica\bjeline01,PF,30,SAC,72,1685,15.2,.579,.432,.154,7.4,19.3,13.2,11.3,1.4,2.8,12.1,16.5,,2.3,1.9,4.3,.121,,0.6,1.4,2.0,1.7"
"53,Antonio Blakeney\blakean01,SG,22,CHI,56,815,10.4,.486,.231,.190,0.9,13.2,7.0,7.7,0.7,1.0,7.6,24.5,,-0.8,0.3,-0.6,-0.033,,-4.8,-3.7,-8.5,-1.3"
"54,Eric Bledsoe\bledser01,PG,29,MIL,75,2212,19.1,.574,.388,.243,3.9,11.9,8.1,27.0,2.4,1.1,13.3,22.9,,4.2,3.7,7.9,.172,,2.4,1.1,3.4,3.0"
"55,Jaron Blossomgame\blossja01,SF,25,CLE,27,439,10.2,.510,.368,.123,6.3,19.0,12.4,4.2,0.8,1.6,9.0,12.2,,0.2,0.1,0.3,.031,,-3.0,-1.4,-4.4,-0.3"
"56,Bogdan Bogdanovic\bogdabo01,SG,26,SAC,65,1813,14.0,.528,.425,.193,2.1,11.2,6.5,19.8,1.7,0.7,11.3,22.4,,1.2,1.5,2.6,.070,,0.4,-1.1,-0.7,0.6"
"57,Bojan Bogdanovic\bogdabo02,SF,29,IND,78,2485,16.4,.619,.370,.292,1.5,12.7,7.2,9.5,1.3,0.0,10.2,22.5,,4.1,2.8,6.8,.132,,1.6,-1.4,0.2,1.4"
"58,Andrew Bogut\bogutan01,C,34,GSW,7,84,15.1,.513,.000,.120,9.3,35.5,23.0,14.0,0.6,4.0,10.2,14.9,,0.1,0.1,0.3,.143,,-3.4,2.1,-1.2,0.0"
"59,Jonah Bolden\boldejo01,PF,23,PHI,40,557,12.5,.601,.594,.152,7.5,19.6,13.7,8.4,1.3,5.2,18.3,13.6,,0.4,0.8,1.2,.104,,-1.1,2.3,1.2,0.4"
"60,Isaac Bonga\bongais01,PG,19,LAL,17,69,6.3,.260,.261,.391,7.7,17.6,12.8,15.8,4.0,1.2,12.9,18.6,,-0.2,0.1,-0.1,-0.074,,-7.6,2.4,-5.2,-0.1"
"61,Devin Booker\bookede01,SG,22,PHO,63,2235,20.2,.583,.330,.361,1.9,11.4,6.6,34.3,1.2,0.5,15.4,32.9,,3.3,0.4,3.6,.078,,3.9,-2.9,1.0,1.7"
"62,Chris Boucher\bouchch01,PF,26,TOR,27,139,21.4,.537,.515,.227,12.0,21.2,16.7,0.0,2.1,13.1,6.4,24.0,,0.2,0.4,0.5,.185,,-2.8,0.8,-2.0,0.0"
"63,Avery Bradley\bradlav01,SG,28,TOT,63,1905,7.7,.496,.403,.082,2.5,7.4,4.9,11.8,1.0,0.7,12.4,16.2,,-0.6,1.1,0.5,.012,,-1.7,-0.9,-2.6,-0.3"
"63,Avery Bradley\bradlav01,SG,28,LAC,49,1463,5.6,.464,.410,.060,2.6,6.7,4.8,8.8,0.9,0.9,12.4,14.2,,-0.9,0.7,-0.2,-0.008,,-2.4,-0.6,-3.0,-0.4"
"63,Avery Bradley\bradlav01,SG,28,MEM,14,442,14.6,.565,.388,.133,2.0,9.4,5.6,21.7,1.6,0.0,12.3,23.0,,0.3,0.4,0.7,.075,,0.6,-2.1,-1.5,0.1"
"64,Tony Bradley\bradlto01,C,21,UTA,1,9,-10.4,.000,.000,.000,24.4,11.8,18.0,0.0,0.0,0.0,25.0,19.0,,-0.1,0.0,-0.1,-0.335,,-17.4,-5.4,-22.8,0.0"
"65,Corey Brewer\breweco01,SF,32,TOT,26,410,11.9,.555,.398,.398,3.3,10.9,7.1,10.2,2.6,1.2,9.3,14.2,,0.5,0.5,0.9,.108,,-0.9,0.4,-0.5,0.2"
"65,Corey Brewer\breweco01,SF,32,PHI,7,140,10.8,.484,.286,.265,3.1,9.5,6.4,10.0,4.0,1.1,12.8,18.8,,-0.1,0.2,0.1,.045,,-3.2,0.9,-2.3,0.0"
"65,Corey Brewer\breweco01,SF,32,SAC,19,270,12.4,.609,.492,.508,3.4,11.7,7.4,10.3,1.9,1.3,6.5,11.8,,0.5,0.2,0.8,.140,,0.3,0.2,0.5,0.2"
"66,Mikal Bridges\bridgmi01,SF,22,PHO,78,2260,10.8,.558,.576,.207,2.5,9.9,6.1,10.1,2.6,1.4,10.6,12.1,,1.6,1.2,2.9,.061,,-0.5,0.5,0.1,1.2"
"67,Miles Bridges\bridgmi02,SF,20,CHO,75,1528,12.5,.541,.389,.148,4.1,17.1,10.4,7.2,1.6,2.3,8.7,15.2,,1.0,1.3,2.3,.073,,-1.6,0.3,-1.4,0.2"
"68,Isaiah Briscoe\briscis01,PG,22,ORL,39,559,6.7,.455,.246,.188,0.9,13.4,7.1,21.3,1.0,0.3,17.2,14.1,,-0.3,0.5,0.3,.022,,-5.0,-0.6,-5.6,-0.5"
"69,Ryan Broekhoff\broekry01,SG,28,DAL,38,384,11.5,.635,.745,.118,1.4,13.3,7.4,7.4,0.5,0.9,8.7,14.2,,0.6,0.2,0.8,.101,,-0.2,-1.8,-2.0,0.0"
"70,Malcolm Brogdon\brogdma01,SG,26,MIL,64,1832,17.9,.614,.326,.203,3.8,11.7,8.0,16.2,1.2,0.6,10.0,20.8,,4.2,2.4,6.6,.174,,1.9,-0.3,1.6,1.7"
"71,Dillon Brooks\brookdi01,SF,23,MEM,18,330,7.6,.499,.328,.246,3.0,7.7,5.3,7.7,1.5,1.2,12.3,20.9,,-0.3,0.3,0.0,-0.002,,-4.2,-1.8,-6.0,-0.3"
"72,MarShon Brooks\brookma01,SG,30,MEM,29,387,11.6,.518,.320,.195,3.4,9.8,6.5,11.1,1.2,1.0,10.3,23.6,,-0.2,0.3,0.2,.020,,-2.9,-2.6,-5.5,-0.3"
"73,Bruce Brown\brownbr01,SG,22,DET,69,1347,6.6,.460,.304,.179,3.4,10.8,6.9,8.7,1.2,2.2,11.9,11.6,,-0.2,1.4,1.2,.041,,-3.9,1.5,-2.4,-0.1"
"74,Jaylen Brown\brownja02,SG,22,BOS,72,1869,13.4,.546,.349,.254,3.6,14.1,8.8,7.6,1.7,1.5,10.1,22.0,,0.7,2.3,2.9,.075,,-1.6,-0.6,-2.2,-0.1"
"75,Lorenzo Brown\brownlo01,PG,28,TOR,26,212,6.3,.380,.394,.042,2.6,12.9,7.9,17.3,2.7,2.0,18.1,17.9,,-0.5,0.3,-0.1,-0.027,,-5.8,1.5,-4.3,-0.1"
"76,Sterling Brown\brownst02,SG,23,MIL,54,920,11.3,.570,.493,.108,3.2,14.4,9.1,10.5,1.2,0.7,11.5,15.0,,0.8,1.3,2.1,.109,,-1.3,0.1,-1.1,0.2"
"77,Troy Brown\browntr01,SF,19,WAS,48,605,11.6,.491,.281,.219,5.7,17.3,11.4,15.4,1.5,0.6,10.8,16.9,,0.2,0.3,0.6,.046,,-2.5,-1.0,-3.5,-0.2"
"78,Jalen Brunson\brunsja01,PG,22,DAL,69,1476,13.1,.556,.323,.210,1.8,9.5,5.7,21.9,1.2,0.2,12.4,19.0,,1.6,1.0,2.5,.083,,-0.6,-1.6,-2.2,-0.1"
"79,Thomas Bryant\bryanth01,C,21,WAS,68,1386,20.5,.665,.197,.268,8.2,25.1,16.5,9.0,0.8,3.8,9.6,17.5,,3.8,1.2,5.0,.173,,0.9,0.3,1.2,1.1"
"80,Reggie Bullock\bullore01,SG,27,TOT,62,1849,10.5,.562,.661,.146,1.3,8.8,5.0,10.2,1.0,0.5,9.3,15.8,,1.6,1.4,3.0,.077,,0.1,-1.0,-0.8,0.5"
"80,Reggie Bullock\bullore01,SG,27,DET,44,1355,11.0,.569,.667,.145,1.6,8.7,5.0,12.0,0.9,0.3,10.3,16.6,,1.4,1.0,2.4,.084,,0.7,-1.2,-0.5,0.5"
"80,Reggie Bullock\bullore01,SG,27,LAL,18,494,9.0,.539,.643,.147,0.4,9.2,4.9,5.3,1.4,1.2,6.2,13.6,,0.2,0.4,0.6,.059,,-1.4,-0.4,-1.8,0.0"
"81,Trey Burke\burketr01,PG,26,TOT,53,1027,16.1,.513,.271,.221,2.7,7.0,4.8,23.7,1.5,0.6,7.5,25.0,,1.1,0.4,1.5,.070,,0.3,-3.1,-2.7,-0.2"
"81,Trey Burke\burketr01,PG,26,NYK,33,689,15.7,.496,.240,.209,2.2,7.4,4.7,23.6,1.5,0.6,6.9,26.0,,0.5,0.2,0.6,.045,,-0.1,-3.3,-3.4,-0.2"
"81,Trey Burke\burketr01,PG,26,DAL,20,338,17.1,.554,.345,.250,3.5,6.3,4.9,24.0,1.4,0.5,8.9,22.9,,0.6,0.2,0.8,.121,,1.2,-2.6,-1.4,0.1"
"82,Alec Burks\burksal01,SG,27,TOT,63,1368,12.7,.523,.354,.297,2.3,17.0,9.4,13.7,1.4,1.3,10.8,19.1,,0.7,0.8,1.5,.053,,-1.5,-0.6,-2.1,0.0"
"82,Alec Burks\burksal01,SG,27,UTA,17,269,12.5,.547,.377,.333,0.8,9.9,5.4,11.2,1.1,1.2,10.3,23.1,,0.2,0.3,0.5,.085,,-2.2,-1.5,-3.7,-0.1"
"82,Alec Burks\burksal01,SG,27,CLE,34,979,13.2,.517,.350,.288,2.8,18.9,10.5,15.0,1.3,1.4,10.7,19.2,,0.6,0.3,0.9,.044,,-1.0,-0.7,-1.7,0.1"
"82,Alec Burks\burksal01,SG,27,SAC,12,120,8.9,.495,.300,.250,0.8,16.6,8.6,9.2,3.1,0.7,15.3,9.0,,0.0,0.2,0.2,.060,,-4.0,2.1,-1.9,0.0"
"83,Deonte Burton\burtode02,SG,25,OKC,29,237,7.2,.474,.333,.123,1.7,10.8,6.1,5.2,1.2,2.8,9.5,16.2,,-0.1,0.3,0.1,.030,,-5.5,-0.5,-6.1,-0.2"
"84,Jimmy Butler\butleji01,SF-SG,29,TOT,63,2135,20.5,.572,.212,.400,6.1,10.5,8.3,18.4,2.7,1.5,8.2,22.3,,5.4,2.5,7.9,.178,,2.8,0.7,3.5,3.0"
"84,Jimmy Butler\butleji01,SG,29,MIN,10,361,22.4,.579,.287,.389,4.7,10.7,7.7,18.2,3.2,2.4,7.1,23.0,,1.0,0.4,1.3,.178,,3.8,0.8,4.6,0.6"
"84,Jimmy Butler\butleji01,SF,29,PHI,53,1774,20.2,.571,.196,.402,6.4,10.4,8.5,18.4,2.6,1.3,8.4,22.2,,4.5,2.1,6.6,.178,,2.6,0.7,3.3,2.4"
"85,Bruno Caboclo\cabocbr01,SF,23,MEM,29,654,11.6,.563,.581,.227,5.9,15.8,10.7,8.7,0.9,3.8,13.3,14.9,,0.4,0.8,1.2,.086,,-1.4,1.1,-0.3,0.3"
"86,Jose Calderon\caldejo01,PG,37,DET,48,628,7.2,.456,.471,.092,1.8,8.9,5.2,24.9,1.3,0.4,22.0,10.9,,0.1,0.5,0.6,.045,,-3.8,-1.1,-4.9,-0.5"
"87,Kentavious Caldwell-Pope\caldwke01,SG,25,LAL,77,1848,12.7,.580,.589,.222,2.5,9.3,6.0,6.3,1.7,0.6,7.3,17.1,,2.2,1.6,3.8,.099,,0.6,-1.1,-0.6,0.7"
"88,Isaiah Canaan\canaais01,PG,27,TOT,30,629,8.0,.518,.585,.146,1.0,9.2,5.1,18.3,1.1,0.3,16.7,14.2,,0.0,0.1,0.1,.010,,-2.4,-2.7,-5.1,-0.5"
"88,Isaiah Canaan\canaais01,PG,27,PHO,19,503,7.3,.515,.558,.155,1.1,9.8,5.4,17.1,1.1,0.0,17.4,14.2,,-0.1,0.0,0.0,-0.005,,-2.7,-2.5,-5.1,-0.4"
"88,Isaiah Canaan\canaais01,PG,27,MIN,7,95,12.4,.536,.655,.138,0.0,5.7,2.8,26.9,1.0,0.9,11.5,15.3,,0.1,0.0,0.2,.080,,-0.4,-4.6,-5.0,-0.1"
"88,Isaiah Canaan\canaais01,PG,27,MIL,4,31,5.3,.500,.833,.000,3.5,9.3,6.6,11.6,0.0,2.7,25.0,10.8,,0.0,0.0,0.0,.032,,-4.2,-0.1,-4.3,0.0"
"89,Clint Capela\capelca01,C,24,HOU,62,2109,23.4,.654,.000,.348,14.3,27.3,20.6,6.9,1.0,3.8,10.1,18.1,,7.0,2.7,9.7,.221,,1.1,1.4,2.5,2.4"
"90,DeMarre Carroll\carrode01,PF,32,BRK,64,1638,12.3,.549,.541,.425,4.3,17.1,10.8,7.3,0.8,0.5,9.7,18.7,,1.5,1.5,3.0,.089,,-0.9,-0.9,-1.8,0.1"
"91,Jevon Carter\carteje01,PG,23,MEM,34,471,4.3,.344,.524,.154,2.6,9.3,5.8,17.4,2.4,2.0,16.0,17.2,,-1.2,0.6,-0.6,-0.065,,-6.2,0.2,-6.0,-0.5"
"92,Vince Carter\cartevi01,SF,42,ATL,72,1238,12.2,.574,.675,.129,2.4,13.4,7.8,9.1,1.6,1.6,8.6,16.9,,1.3,0.7,2.0,.078,,0.1,-1.5,-1.4,0.2"
"93,Wendell Carter\cartewe01,C,19,CHI,44,1110,15.3,.541,.086,.302,8.5,21.8,15.1,10.7,1.1,4.5,13.4,19.1,,0.7,1.1,1.9,.081,,-2.3,1.8,-0.5,0.4"
"94,Michael Carter-Williams\cartemi01,PG,27,TOT,24,290,14.1,.463,.314,.390,4.8,14.0,9.3,25.4,2.2,3.8,11.5,20.9,,0.1,0.4,0.5,.080,,-2.4,1.2,-1.2,0.1"
"94,Michael Carter-Williams\cartemi01,PG,27,HOU,16,145,12.7,.476,.311,.426,2.2,7.9,5.0,23.0,3.1,3.5,12.1,24.7,,0.0,0.2,0.1,.042,,-3.3,-0.4,-3.7,-0.1"
"94,Michael Carter-Williams\cartemi01,PG,27,ORL,8,145,15.5,.445,.318,.341,7.3,20.2,13.6,27.8,1.4,4.0,10.6,17.0,,0.1,0.2,0.4,.118,,-1.5,2.8,1.3,0.1"
"95,Alex Caruso\carusal01,PG,24,LAL,20,343,14.7,.623,.358,.474,4.3,8.6,6.5,13.6,2.3,1.7,14.2,16.2,,0.6,0.4,1.0,.138,,0.2,0.4,0.5,0.2"
"96,Omri Casspi\casspom01,SF,30,MEM,36,520,15.8,.606,.267,.360,3.6,21.7,12.4,8.1,1.9,1.7,11.0,18.0,,0.6,0.7,1.3,.120,,-2.0,0.2,-1.8,0.0"
"97,Willie Cauley-Stein\caulewi01,C,25,SAC,77,2125,18.0,.566,.003,.344,8.3,23.6,15.8,12.7,2.0,2.0,9.2,17.7,,3.6,2.9,6.6,.148,,-0.1,2.3,2.2,2.3"
"98,Troy Caupain\caupatr01,PG,23,ORL,4,16,30.8,.625,.375,.000,6.6,13.6,10.0,43.1,3.1,0.0,0.0,21.8,,0.1,0.0,0.1,.347,,9.4,-0.4,9.0,0.0"
"99,Tyler Cavanaugh\cavanty01,PF,24,UTA,8,19,5.4,.436,.500,.333,5.8,16.8,11.4,0.0,0.0,0.0,12.7,17.7,,0.0,0.0,0.0,-0.021,,-8.1,-5.4,-13.5,-0.1"
"100,Tyson Chandler\chandty01,C,36,TOT,55,875,11.3,.630,.010,.879,11.2,25.3,18.3,5.3,1.1,2.1,23.4,8.5,,0.9,1.1,2.1,.114,,-3.1,1.7,-1.3,0.2"
"100,Tyson Chandler\chandty01,C,36,PHO,7,89,11.5,.653,.000,1.500,8.6,40.4,24.3,9.2,1.1,0.9,26.0,13.0,,0.1,0.1,0.2,.095,,-5.0,0.1,-4.9,-0.1"
"100,Tyson Chandler\chandty01,C,36,LAL,48,786,11.2,.626,.011,.793,11.4,23.6,17.6,4.8,1.1,2.3,23.0,8.0,,0.9,1.0,1.9,.117,,-2.8,1.9,-0.9,0.2"
"101,Wilson Chandler\chandwi01,PF-SF,31,TOT,47,1104,8.7,.542,.580,.084,4.7,14.5,9.7,9.4,1.1,1.4,14.2,11.5,,0.5,1.0,1.6,.067,,-1.1,0.5,-0.6,0.4"
"101,Wilson Chandler\chandwi01,PF,31,PHI,36,951,9.1,.561,.570,.087,5.1,13.4,9.4,10.0,1.1,1.5,15.4,11.2,,0.6,0.9,1.5,.075,,-0.7,0.7,0.0,0.5"
"101,Wilson Chandler\chandwi01,SF,31,LAC,11,153,6.1,.451,.628,.070,2.2,21.5,12.1,6.1,0.9,1.0,8.3,13.3,,-0.1,0.2,0.1,.021,,-3.5,-0.8,-4.3,-0.1"
"102,Joe Chealey\chealjo01,PG,23,CHO,1,8,2.0,.333,.000,.000,0.0,0.0,0.0,17.7,0.0,0.0,0.0,16.1,,0.0,0.0,0.0,-0.079,,-8.9,-8.2,-17.2,0.0"
"103,Chris Chiozza\chiozch01,PG,23,HOU,3,9,-1.8,.000,.000,.000,0.0,12.7,6.2,0.0,5.5,0.0,0.0,9.7,,0.0,0.0,0.0,-0.156,,-13.2,1.4,-11.8,0.0"
"104,Marquese Chriss\chrisma01,PF,21,TOT,39,450,9.0,.465,.421,.245,8.5,23.1,15.5,6.9,1.4,2.1,16.2,20.4,,-0.5,0.3,-0.2,-0.020,,-4.6,-1.4,-6.0,-0.5"
"104,Marquese Chriss\chrisma01,PF,21,HOU,16,104,3.4,.391,.441,.206,7.3,23.0,15.0,8.3,0.9,3.3,24.4,20.5,,-0.3,0.1,-0.2,-0.104,,-9.3,-0.3,-9.6,-0.2"
"104,Marquese Chriss\chrisma01,PF,21,CLE,23,346,10.7,.485,.416,.256,8.9,23.1,15.7,6.5,1.6,1.7,13.7,20.4,,-0.2,0.2,0.0,.005,,-3.2,-1.7,-4.9,-0.3"
"105,Gary Clark\clarkga01,PF,24,HOU,47,608,9.0,.485,.911,.052,3.6,16.3,9.8,3.8,1.5,3.5,4.2,10.3,,0.3,0.6,0.9,.070,,-2.5,0.6,-1.9,0.0"
"106,Ian Clark\clarkia01,SG,27,NOP,56,827,6.5,.485,.518,.102,1.4,7.8,4.6,12.7,0.9,0.5,14.7,18.5,,-0.7,0.2,-0.4,-0.026,,-3.3,-3.0,-6.3,-0.9"
"107,Jordan Clarkson\clarkjo01,SG,26,CLE,77,2102,17.2,.541,.377,.167,4.0,10.1,7.0,15.7,1.3,0.5,9.5,27.9,,1.9,0.0,2.0,.045,,1.8,-3.5,-1.7,0.2"
"108,John Collins\collijo01,PF,21,ATL,58,1724,21.9,.630,.190,.323,12.3,22.0,17.0,11.0,0.5,1.8,11.1,23.7,,4.9,1.0,5.9,.164,,2.7,-1.3,1.4,1.5"
"109,Zach Collins\colliza01,C,21,POR,72,1273,13.2,.557,.307,.318,8.5,16.6,12.6,7.3,0.9,3.8,14.4,16.4,,1.2,1.4,2.7,.101,,-1.1,1.0,-0.1,0.6"
"110,Darren Collison\collida01,PG,31,IND,74,2104,17.0,.581,.293,.289,1.9,10.0,6.1,29.9,2.5,0.4,14.4,17.6,,4.1,2.9,7.0,.159,,1.4,0.1,1.5,1.9"
"111,Bonzie Colson\colsobo01,SF,23,MIL,6,49,11.4,.379,.500,.182,13.3,25.4,19.7,7.9,1.0,1.7,4.0,21.2,,0.0,0.1,0.1,.057,,-4.2,-1.2,-5.4,0.0"
"112,Mike Conley\conlemi01,PG,31,MEM,70,2342,21.5,.569,.380,.363,1.9,9.8,5.7,33.5,2.0,0.9,9.1,27.3,,5.7,2.4,8.1,.166,,4.8,-1.3,3.5,3.2"
"113,Pat Connaughton\connapa01,SG,26,MIL,57,1157,13.5,.568,.578,.115,5.1,15.0,10.3,12.7,1.2,1.7,7.9,13.3,,1.8,1.8,3.6,.150,,0.4,1.2,1.6,1.0"
"114,Quinn Cook\cookqu01,PG,25,GSW,68,938,12.7,.554,.466,.058,2.5,13.6,8.3,15.1,1.0,0.3,9.9,19.8,,0.8,0.7,1.5,.075,,-0.4,-2.6,-3.0,-0.2"
"115,DeMarcus Cousins\couside01,C,28,GSW,26,660,21.1,.564,.237,.418,5.9,26.2,16.5,20.1,2.4,5.3,14.3,27.2,,0.8,1.3,2.1,.152,,0.0,3.5,3.4,0.9"
"116,Robert Covington\covinro01,SF,28,TOT,35,1203,13.4,.580,.622,.246,2.5,14.5,8.5,5.3,2.9,3.2,10.5,15.6,,1.0,1.6,2.5,.101,,0.5,2.0,2.4,1.3"
"116,Robert Covington\covinro01,SF,28,PHI,13,440,11.0,.578,.658,.197,1.7,14.0,8.1,4.3,2.6,4.1,14.8,14.2,,0.0,0.7,0.7,.078,,-1.2,2.6,1.3,0.4"
"116,Robert Covington\covinro01,SF,28,MIN,22,763,14.7,.580,.604,.269,2.9,14.8,8.8,5.8,3.1,2.7,8.4,16.4,,0.9,0.9,1.8,.115,,1.5,1.6,3.1,1.0"
"117,Allen Crabbe\crabbal01,SG,26,BRK,43,1133,7.7,.519,.694,.150,1.5,12.2,6.9,5.8,1.0,0.9,10.4,16.5,,-0.2,0.9,0.8,.033,,-1.9,-0.6,-2.6,-0.2"
"118,Torrey Craig\craigto01,SF,28,DEN,69,1380,9.8,.532,.513,.178,6.3,12.5,9.4,5.9,1.2,2.6,10.6,12.6,,0.9,1.5,2.5,.086,,-1.3,0.7,-0.7,0.5"
"119,Jamal Crawford\crawfja01,SG,38,PHO,61,1111,9.7,.491,.465,.243,0.8,6.7,3.7,27.1,1.2,0.8,18.0,19.3,,-0.5,0.0,-0.4,-0.018,,-3.2,-4.1,-7.3,-1.5"
"120,Mitch Creek\creekmi01,SF,26,BRK,4,36,21.5,.573,.100,.700,14.7,14.6,14.7,20.3,1.3,0.0,0.0,15.3,,0.2,0.0,0.2,.257,,3.2,-0.1,3.2,0.0"
"121,Jae Crowder\crowdja01,SF,28,UTA,76,2086,12.1,.538,.657,.245,3.1,15.6,9.5,8.8,1.5,1.1,8.8,19.0,,1.2,3.0,4.2,.096,,0.0,0.5,0.5,1.3"
"122,Dante Cunningham\cunnida01,PF,31,SAS,61,895,10.6,.599,.409,.117,5.9,16.7,11.3,6.8,1.4,1.2,11.5,9.0,,1.1,0.8,1.9,.102,,-0.7,0.8,0.1,0.5"
"123,Seth Curry\curryse01,SG,28,POR,71,1324,11.3,.596,.537,.120,2.1,6.8,4.5,6.7,1.2,0.7,10.9,16.4,,1.5,0.8,2.3,.083,,0.4,-1.8,-1.3,0.2"
"124,Stephen Curry\curryst01,PG,30,GSW,64,2196,24.6,.641,.604,.219,2.2,14.0,8.4,24.2,1.9,0.9,11.4,30.6,,6.9,2.2,9.1,.199,,7.9,-1.6,6.3,4.6"
"125,Troy Daniels\danietr01,SG,27,PHO,47,669,10.7,.572,.711,.093,2.0,9.2,5.6,5.4,1.6,0.6,9.2,18.1,,0.3,0.2,0.4,.031,,-0.6,-3.4,-4.0,-0.3"
"126,Anthony Davis\davisan02,C,25,NOP,56,1850,30.3,.597,.141,.422,9.9,27.6,18.9,19.1,2.2,6.0,8.4,29.5,,6.5,3.1,9.6,.248,,4.7,3.9,8.6,5.0"
"127,Deyonta Davis\davisde01,C,22,ATL,4,47,14.6,.643,.100,.200,6.6,18.3,12.4,5.9,1.0,3.7,0.0,9.4,,0.1,0.0,0.1,.152,,-1.5,0.5,-1.0,0.0"
"128,Ed Davis\davised01,C,29,BRK,77,1393,17.1,.627,.007,.521,16.0,34.9,25.5,6.3,1.2,1.9,15.2,12.7,,3.0,2.4,5.4,.187,,-1.4,1.9,0.4,0.8"
"129,Tyler Davis\davisty01,C,21,OKC,1,1,0.0,.000,.000,.000,100.0,0.0,51.6,0.0,0.0,0.0,0.0,40.8,,0.0,0.0,0.0,-0.476,,-15.0,-20.6,-35.6,0.0"
"130,Dewayne Dedmon\dedmode01,C,29,ATL,64,1609,16.1,.602,.413,.215,6.8,25.1,15.8,8.1,2.0,3.8,12.7,16.7,,2.1,1.9,4.1,.121,,-0.4,1.7,1.4,1.4"
"131,Sam Dekker\dekkesa01,PF,24,TOT,43,689,14.4,.540,.218,.195,7.0,14.4,10.6,8.8,2.4,0.9,8.1,16.1,,0.7,0.4,1.1,.079,,-1.2,-0.6,-1.8,0.0"
"131,Sam Dekker\dekkesa01,PF,24,CLE,9,169,14.0,.544,.271,.208,5.7,16.5,10.8,7.9,3.2,0.0,8.7,14.8,,0.2,0.1,0.3,.081,,-1.0,-0.3,-1.3,0.0"
"131,Sam Dekker\dekkesa01,PF,24,WAS,34,520,14.5,.539,.203,.192,7.4,13.8,10.6,9.1,2.1,1.1,7.9,16.5,,0.5,0.3,0.9,.079,,-1.2,-0.7,-1.9,0.0"
"132,Angel Delgado\delgaan01,C,24,LAC,2,15,4.4,.255,.000,.400,14.6,13.7,14.2,0.0,3.2,0.0,0.0,16.6,,0.0,0.0,0.0,-0.051,,-8.6,-3.9,-12.5,0.0"
"133,Matthew Dellavedova\dellama01,PG,28,TOT,48,812,11.1,.532,.537,.215,0.8,9.9,5.2,31.9,0.8,0.2,20.4,17.9,,0.5,0.0,0.5,.029,,-1.3,-4.1,-5.4,-0.7"
"133,Matthew Dellavedova\dellama01,PG,28,MIL,12,97,7.5,.482,.579,.211,0.0,9.9,5.2,35.7,1.0,0.0,34.6,13.7,,0.0,0.1,0.1,.046,,-5.5,-3.0,-8.5,-0.2"
"133,Matthew Dellavedova\dellama01,PG,28,CLE,36,715,11.6,.537,.534,.215,0.9,9.9,5.2,31.4,0.8,0.2,18.9,18.4,,0.5,-0.1,0.4,.027,,-0.7,-4.2,-5.0,-0.5"
"134,Luol Deng\denglu01,SF,33,MIN,22,392,14.6,.588,.373,.297,5.4,14.6,9.9,6.5,1.8,1.7,9.5,15.8,,0.5,0.3,0.8,.102,,-0.1,-0.5,-0.7,0.1"
"135,DeMar DeRozan\derozde01,SG,29,SAS,72,2535,19.5,.538,.035,.324,2.2,16.6,9.5,27.7,1.5,1.1,11.4,28.1,,3.3,2.4,5.7,.108,,0.3,0.4,0.7,1.8"
"136,Marcus Derrickson\derrima01,PF,22,GSW,9,54,10.3,.543,.583,.167,10.4,5.7,7.9,2.6,0.0,1.6,10.4,22.8,,0.0,0.0,0.0,.038,,-1.0,-5.8,-6.7,-0.1"
"137,Cheick Diallo\diallch01,PF,22,NOP,60,806,17.7,.638,.012,.270,9.0,29.5,19.4,4.2,1.6,3.3,14.2,16.5,,1.2,1.1,2.3,.138,,-2.5,0.3,-2.1,0.0"
"138,Hamidou Diallo\diallha01,SG,20,OKC,49,525,10.1,.497,.145,.358,7.3,12.0,9.5,4.4,1.8,1.6,10.7,16.6,,0.1,0.7,0.7,.068,,-4.3,-0.4,-4.8,-0.4"
"139,Gorgui Dieng\dienggo01,C,29,MIN,71,913,18.1,.579,.155,.290,8.3,24.7,16.4,9.3,2.3,3.6,11.6,18.6,,1.4,1.2,2.6,.139,,-0.9,1.6,0.7,0.6"
"140,Spencer Dinwiddie\dinwisp01,PG,25,BRK,64,1802,16.7,.584,.440,.439,1.4,7.7,4.6,26.0,1.0,0.7,13.3,25.4,,3.4,1.3,4.7,.124,,2.1,-2.2,-0.2,0.8"
"141,Donte DiVincenzo\divindo01,SG,22,MIL,27,411,9.1,.507,.669,.097,4.2,11.4,8.0,9.7,1.5,1.2,12.8,15.1,,0.0,0.6,0.6,.071,,-1.9,0.2,-1.7,0.0"
"142,Luka Doncic\doncilu01,SG,19,DAL,70,2254,19.3,.544,.435,.412,3.8,21.5,12.7,31.3,1.6,0.9,15.0,30.5,,2.0,2.6,4.6,.099,,2.7,1.1,3.8,3.3"
"143,Tyler Dorsey\dorsety01,SG,22,TOT,43,555,11.0,.506,.487,.276,4.1,14.1,9.0,12.0,1.0,0.3,7.8,18.7,,0.2,0.3,0.6,.050,,-1.6,-2.4,-4.0,-0.3"
"143,Tyler Dorsey\dorsety01,SG,22,ATL,27,251,7.8,.448,.438,.292,3.7,14.6,9.1,9.4,1.3,0.3,9.1,17.9,,-0.1,0.1,0.0,-0.008,,-4.3,-2.6,-6.8,-0.3"
"143,Tyler Dorsey\dorsety01,SG,22,MEM,16,304,13.7,.554,.527,.264,4.3,13.6,8.9,14.3,0.8,0.3,6.8,19.4,,0.4,0.2,0.6,.098,,0.5,-2.2,-1.7,0.0"
"144,Damyean Dotson\dotsoda01,SG,24,NYK,68,1837,11.5,.534,.488,.151,1.9,12.6,7.1,10.2,1.5,0.4,8.4,17.6,,1.0,0.8,1.8,.047,,-0.5,-1.4,-1.9,0.1"
"145,PJ Dozier\doziepj01,SG,22,BOS,5,14,16.5,.500,.286,.000,15.2,30.7,22.9,0.0,0.0,0.0,0.0,21.5,,0.0,0.0,0.0,.119,,-5.0,-9.4,-14.4,0.0"
"146,Goran Dragic\dragigo01,PG,32,MIA,31,835,14.9,.539,.392,.242,1.5,10.2,5.9,27.0,1.3,0.5,13.0,24.8,,0.8,0.8,1.6,.090,,0.6,-1.8,-1.2,0.2"
"147,Andre Drummond\drumman01,C,25,DET,74,2469,23.4,.552,.038,.384,16.8,34.7,25.4,7.1,2.5,4.3,12.0,23.0,,3.9,5.3,9.2,.179,,-0.7,3.4,2.7,2.9"
"148,Jared Dudley\dudleja01,PF,33,BRK,56,1151,7.1,.542,.632,.170,2.5,10.2,6.4,9.0,1.4,1.0,14.6,10.3,,0.4,1.0,1.4,.059,,-2.1,1.0,-1.1,0.2"
"149,Kris Dunn\dunnkr01,PG,24,CHI,46,1389,12.5,.484,.190,.136,1.5,13.3,7.3,30.0,2.4,1.3,16.2,20.1,,-0.5,1.2,0.7,.023,,-2.0,0.2,-1.8,0.1"
"150,Kevin Durant\duranke01,PF,30,GSW,73,2568,24.1,.626,.279,.369,1.4,17.8,10.0,25.7,1.0,2.6,12.2,29.4,,7.9,2.7,10.6,.197,,4.0,0.0,4.0,3.9"
"151,Trevon Duval\duvaltr01,PG,20,MIL,3,6,38.5,.833,.333,.000,0.0,16.0,8.5,59.0,0.0,0.0,0.0,21.0,,0.1,0.0,0.1,.541,,13.9,-4.1,9.8,0.0"
"152,Vince Edwards\edwarvi01,SF,22,HOU,2,16,3.8,.375,1.000,.000,6.8,7.1,7.0,0.0,0.0,0.0,0.0,10.9,,0.0,0.0,0.0,-0.017,,-4.4,-5.7,-10.0,0.0"
"153,Henry Ellenson\ellenhe01,PF,22,TOT,14,177,11.7,.482,.433,.224,2.3,26.6,14.1,12.0,1.9,0.0,8.7,19.4,,0.0,0.2,0.2,.044,,-3.2,-1.2,-4.4,-0.1"
"153,Henry Ellenson\ellenhe01,PF,22,DET,2,25,14.9,.551,.400,.200,0.0,41.0,19.7,6.2,0.0,0.0,0.0,18.7,,0.0,0.0,0.1,.148,,-3.7,-2.9,-6.6,0.0"
"153,Henry Ellenson\ellenhe01,PF,22,NYK,12,152,11.1,.470,.439,.228,2.7,24.2,13.1,12.9,2.2,0.0,10.0,19.5,,-0.1,0.1,0.1,.026,,-3.2,-0.9,-4.1,-0.1"
"154,Wayne Ellington\ellinwa01,SG,31,TOT,48,1142,11.9,.575,.820,.100,1.1,7.7,4.4,8.0,2.1,0.5,7.7,17.0,,1.2,1.2,2.3,.098,,1.3,-1.1,0.1,0.6"
"154,Wayne Ellington\ellinwa01,SG,31,MIA,25,533,10.9,.547,.842,.087,1.2,8.2,4.7,7.9,2.2,0.5,6.8,16.5,,0.4,0.6,1.0,.091,,0.6,-1.0,-0.4,0.2"
"154,Wayne Ellington\ellinwa01,SG,31,DET,23,609,12.7,.598,.801,.111,1.0,7.3,4.0,8.1,1.9,0.4,8.5,17.5,,0.7,0.6,1.3,.105,,1.9,-1.2,0.6,0.4"
"155,Joel Embiid\embiijo01,C,24,PHI,62,2090,26.1,.597,.218,.549,8.2,34.0,21.5,17.6,1.0,4.4,13.4,33.1,,4.9,3.7,8.6,.197,,1.8,2.1,3.9,3.1"
"156,James Ennis\ennisja01,SF,28,TOT,57,1218,11.1,.591,.533,.278,5.4,10.9,8.1,4.5,1.7,1.5,8.9,12.7,,1.6,1.0,2.6,.103,,-0.5,-0.3,-0.8,0.4"
"156,James Ennis\ennisja01,SF,28,HOU,40,949,11.3,.622,.569,.275,4.2,9.6,6.9,4.1,2.0,1.4,8.9,11.9,,1.4,0.7,2.2,.110,,-0.1,0.0,-0.1,0.5"
"156,James Ennis\ennisja01,SF,28,PHI,17,269,10.3,.510,.438,.288,9.4,15.7,12.6,6.1,0.5,1.8,9.1,15.5,,0.2,0.2,0.4,.080,,-1.7,-1.4,-3.1,-0.1"
"157,Drew Eubanks\eubandr01,PF,21,SAS,20,95,17.5,.703,.000,.591,5.8,25.0,15.5,10.1,0.5,3.6,17.8,15.6,,0.2,0.1,0.3,.165,,-1.7,0.8,-0.9,0.0"
"158,Jacob Evans\evansja02,SG,21,GSW,27,134,0.7,.314,.242,.030,3.3,9.2,6.4,14.3,0.4,0.6,17.3,12.9,,-0.2,0.1,-0.2,-0.067,,-7.2,-2.1,-9.2,-0.2"
"159,Jawun Evans\evansja01,PG,22,PHO,7,64,0.7,.231,.154,.000,1.7,19.3,10.4,20.1,2.2,0.0,31.6,12.7,,-0.2,0.0,-0.2,-0.136,,-10.1,0.1,-10.0,-0.1"
"160,Tyreke Evans\evansty01,SG,29,IND,66,1323,11.4,.481,.325,.229,2.7,12.9,7.9,17.8,2.1,1.1,14.2,26.5,,-1.7,1.9,0.2,.008,,-3.2,-0.4,-3.6,-0.5"
"161,Dante Exum\exumda01,PG,23,UTA,42,664,11.2,.516,.257,.357,2.6,8.3,5.5,24.2,1.0,0.6,15.7,21.3,,0.2,0.7,1.0,.069,,-2.6,-1.4,-3.9,-0.3"
"162,Kenneth Faried\farieke01,C,29,TOT,33,658,22.0,.628,.089,.390,15.0,23.1,19.0,4.9,1.0,2.8,9.8,20.1,,2.0,0.7,2.7,.196,,0.0,-1.0,-1.0,0.2"
"162,Kenneth Faried\farieke01,C,29,BRK,12,118,20.5,.622,.119,.381,13.5,25.8,19.7,2.8,0.8,2.7,10.9,19.6,,0.2,0.2,0.4,.167,,-2.0,-1.6,-3.6,0.0"
"162,Kenneth Faried\farieke01,C,29,HOU,21,540,22.3,.629,.082,.392,15.3,22.6,18.8,5.3,1.0,2.8,9.5,20.2,,1.7,0.6,2.3,.202,,0.5,-0.9,-0.4,0.2"
"163,Derrick Favors\favorde01,C,27,UTA,75,1744,21.9,.624,.127,.371,12.8,21.3,17.1,8.0,1.5,4.9,10.3,19.3,,4.5,3.4,7.9,.217,,1.2,3.2,4.4,2.8"
"164,Cristiano Felicio\feliccr01,C,26,CHI,56,661,14.3,.586,.025,.393,11.9,20.3,16.1,7.1,0.7,0.9,13.2,14.5,,1.0,0.4,1.4,.101,,-1.9,-1.2,-3.1,-0.2"
"165,Raymond Felton\feltora01,PG,34,OKC,28,311,10.5,.484,.404,.114,1.3,7.9,4.5,18.1,1.2,1.6,9.8,17.4,,0.1,0.3,0.4,.065,,-3.1,-1.8,-4.9,-0.2"
"166,Terrance Ferguson\fergute01,SG,20,OKC,69,1796,6.0,.550,.669,.116,1.6,5.5,3.5,4.5,1.0,0.7,8.8,10.4,,0.9,1.5,2.4,.065,,-1.8,-0.5,-2.3,-0.1"
"167,Yogi Ferrell\ferreyo01,PG,25,SAC,66,950,12.5,.546,.427,.182,1.3,9.9,5.5,17.2,1.6,0.4,10.1,16.4,,1.0,0.7,1.7,.086,,-0.8,-1.6,-2.4,-0.1"
"168,Dorian Finney-Smith\finnedo01,SF,25,DAL,77,1882,11.0,.536,.486,.205,7.3,13.2,10.3,6.5,1.8,1.6,11.6,13.6,,1.2,1.9,3.2,.081,,-0.9,1.3,0.4,1.1"
"169,Bryn Forbes\forbebr01,SG,25,SAS,77,2151,11.7,.577,.518,.102,0.9,10.4,5.7,10.3,1.0,0.2,8.9,17.5,,2.0,1.2,3.2,.071,,0.8,-1.8,-1.0,0.6"
"170,Evan Fournier\fournev01,SG,26,ORL,77,2424,12.0,.531,.431,.154,1.7,9.2,5.4,18.2,1.4,0.4,12.2,22.1,,0.5,2.3,2.8,.055,,-0.4,-1.1,-1.6,0.3"
"171,De'Aaron Fox\foxde01,PG,21,SAC,76,2428,17.9,.542,.214,.388,1.7,10.9,6.2,32.7,2.4,1.5,15.1,24.6,,2.8,2.5,5.3,.105,,0.9,0.1,1.0,1.9"
"172,Melvin Frazier\frazime01,SG,22,ORL,9,40,2.3,.344,.222,.111,7.9,5.4,6.7,3.7,1.2,0.0,5.0,21.7,,-0.1,0.0,-0.1,-0.096,,-7.9,-3.7,-11.6,-0.1"
"173,Tim Frazier\fraziti01,PG,28,TOT,55,1019,11.3,.535,.409,.200,3.9,11.3,7.7,28.1,1.2,0.3,21.7,12.6,,1.1,0.6,1.7,.078,,-1.1,-1.4,-2.5,-0.1"
"173,Tim Frazier\fraziti01,PG,28,NOP,47,909,11.6,.552,.395,.210,3.7,11.8,7.8,28.1,1.3,0.4,22.0,12.3,,1.1,0.5,1.5,.081,,-0.8,-1.3,-2.2,0.0"
"173,Tim Frazier\fraziti01,PG,28,MIL,8,110,8.3,.425,.500,.133,5.9,7.0,6.5,28.2,0.8,0.0,20.1,15.2,,0.0,0.1,0.1,.054,,-3.1,-2.1,-5.2,-0.1"
"174,Jimmer Fredette\fredeji01,SG,29,PHO,3,25,0.3,.361,.429,.429,0.0,13.5,6.7,11.4,1.9,0.0,15.3,33.7,,-0.1,0.0,-0.1,-0.260,,-11.3,-5.4,-16.7,-0.1"
"175,Channing Frye\fryech01,C,35,CLE,34,318,8.8,.517,.686,.114,1.3,16.0,8.4,8.7,0.9,1.4,8.3,16.5,,0.1,0.1,0.1,.022,,-1.8,-2.7,-4.5,-0.2"
"176,Markelle Fultz\fultzma01,SG,20,PHI,19,427,10.5,.452,.090,.239,6.7,10.6,8.7,19.7,1.9,0.9,12.7,19.3,,-0.1,0.4,0.3,.036,,-2.9,-0.1,-3.0,-0.1"
"177,Danilo Gallinari\gallida01,SF,30,LAC,65,1977,21.0,.636,.429,.463,2.9,18.2,10.8,12.7,1.1,0.8,8.6,23.7,,6.2,1.8,8.0,.195,,4.2,-1.2,3.0,2.5"
"178,Langston Galloway\gallola01,SG,27,DET,75,1635,11.1,.548,.648,.162,2.8,7.8,5.2,7.4,1.1,0.4,3.8,15.9,,2.2,1.2,3.4,.101,,0.6,-1.5,-0.9,0.5"
"179,Marc Gasol\gasolma01,C,34,TOT,75,2325,16.8,.544,.310,.285,3.5,25.3,14.3,22.5,1.7,3.4,13.6,21.1,,1.8,3.8,5.6,.116,,-0.3,3.2,2.8,2.9"
"179,Marc Gasol\gasolma01,C,34,MEM,53,1788,16.9,.541,.324,.294,3.4,25.6,14.3,22.7,1.7,3.4,13.4,22.3,,1.0,2.9,3.9,.105,,-0.3,3.0,2.8,2.2"
"179,Marc Gasol\gasolma01,C,34,TOR,22,537,16.3,.560,.253,.247,3.7,24.1,14.2,21.8,1.7,3.4,14.4,17.2,,0.7,1.0,1.7,.153,,-0.5,3.6,3.1,0.7"
"180,Pau Gasol\gasolpa01,C,38,TOT,30,360,16.7,.529,.138,.426,6.7,34.2,20.6,19.1,0.7,3.5,12.5,15.5,,0.5,0.5,1.1,.141,,-2.1,2.7,0.6,0.2"
"180,Pau Gasol\gasolpa01,C,38,SAS,27,330,18.1,.544,.114,.432,7.3,34.4,20.9,20.2,0.7,3.6,11.8,15.8,,0.6,0.5,1.1,.159,,-1.3,2.8,1.5,0.3"
"180,Pau Gasol\gasolpa01,C,38,MIL,3,30,1.7,.291,.500,.333,0.0,32.0,17.0,7.7,0.0,2.8,22.5,12.4,,-0.1,0.1,0.0,-0.061,,-10.7,1.7,-9.0,-0.1"
"181,Rudy Gay\gayru01,PF,32,SAS,64,1725,18.0,.593,.249,.192,3.7,23.3,13.5,14.6,1.4,1.7,11.9,21.9,,2.4,2.0,4.4,.123,,0.7,0.7,1.4,1.5"
"182,Paul George\georgpa01,SF,28,OKC,73,2688,23.5,.585,.469,.343,3.7,19.7,11.5,17.8,2.7,1.0,10.1,29.6,,6.7,4.6,11.3,.202,,4.8,0.6,5.5,5.1"
"183,Taj Gibson\gibsota01,PF,33,MIN,70,1686,17.9,.612,.063,.330,10.8,18.3,14.5,7.3,1.5,2.0,10.6,17.1,,3.8,1.3,5.1,.145,,0.8,0.2,1.0,1.3"
"184,Harry Giles\gilesha01,PF,20,SAC,58,820,14.3,.526,.017,.261,8.1,20.0,13.9,15.2,1.8,2.3,15.8,23.2,,0.0,1.0,1.0,.059,,-3.1,1.0,-2.1,0.0"
"185,Shai Gilgeous-Alexander\gilgesh01,PG,20,LAC,78,2051,13.3,.555,.197,.278,2.8,8.2,5.6,17.7,2.1,1.7,15.4,18.2,,1.4,1.9,3.2,.076,,-0.6,0.3,-0.3,0.9"
"186,Rudy Gobert\goberru01,C,26,UTA,77,2440,24.6,.682,.000,.734,13.2,30.7,22.1,9.7,1.2,5.7,12.1,17.7,,8.2,5.4,13.7,.269,,2.0,5.0,7.0,5.6"
"187,Brandon Goodwin\goodwbr01,PG,23,DEN,16,57,8.4,.413,.261,.478,1.9,3.8,2.8,32.0,0.0,0.0,9.7,23.1,,0.0,0.0,0.0,.023,,-4.5,-6.5,-11.0,-0.1"
"188,Aaron Gordon\gordoaa01,PF,23,ORL,74,2491,15.0,.534,.335,.242,5.1,18.3,11.6,16.7,1.1,1.8,12.0,21.9,,1.5,3.1,4.6,.089,,-0.3,1.1,0.8,1.8"
"189,Eric Gordon\gordoer01,SG,30,HOU,63,2027,11.9,.540,.624,.167,0.9,7.1,3.9,9.8,0.9,1.1,8.4,22.1,,1.3,0.8,2.1,.049,,-0.3,-3.0,-3.3,-0.6"
"190,Marcin Gortat\gortama01,C,34,LAC,47,751,12.8,.562,.000,.258,9.8,26.6,18.4,12.0,0.4,2.5,19.4,14.5,,0.6,0.9,1.4,.092,,-2.5,1.4,-1.0,0.2"
"191,Devonte' Graham\grahade01,PG,23,CHO,41,593,10.3,.457,.567,.225,1.2,8.4,4.7,25.2,1.7,0.3,10.8,16.7,,0.2,0.3,0.5,.037,,-1.6,-2.9,-4.5,-0.4"
"192,Treveon Graham\grahatr01,SG,25,BRK,31,637,5.7,.451,.654,.138,3.2,12.5,7.9,6.2,0.9,0.9,8.2,12.1,,-0.2,0.5,0.4,.028,,-3.2,0.1,-3.1,-0.2"
"193,Jerami Grant\grantje01,PF,24,OKC,75,2434,13.7,.588,.342,.275,3.6,13.2,8.3,4.3,1.1,3.3,7.0,15.3,,3.5,3.2,6.7,.132,,-0.8,1.0,0.2,1.3"
"194,Jerian Grant\grantje02,PG,26,ORL,59,934,10.7,.520,.493,.184,2.1,9.2,5.6,22.5,2.3,0.5,17.9,13.4,,0.4,1.1,1.6,.080,,-2.1,-0.1,-2.2,-0.1"
"195,Donte Grantham\grantdo01,SF,23,OKC,3,2,-38.1,.000,1.000,.000,0.0,0.0,0.0,0.0,0.0,0.0,0.0,40.8,,0.0,0.0,0.0,-0.952,,-25.3,-13.7,-38.9,0.0"
"196,Danny Green\greenda02,SG,31,TOR,76,2112,12.9,.633,.692,.067,3.0,12.4,7.8,7.5,1.5,1.9,10.6,14.1,,2.9,2.7,5.5,.126,,1.7,1.0,2.7,2.5"
"197,Draymond Green\greendr01,PF,28,GSW,61,1922,12.6,.519,.397,.230,3.2,20.8,12.4,26.9,2.2,2.7,26.9,12.8,,1.0,2.8,3.8,.095,,-1.4,3.2,1.8,1.8"
"198,Gerald Green\greenge01,SG,33,HOU,69,1420,11.4,.556,.758,.123,2.2,11.8,6.9,4.2,1.1,1.6,8.6,19.6,,0.8,0.9,1.7,.059,,-0.8,-2.7,-3.5,-0.5"
"199,JaMychal Green\greenja01,PF,28,TOT,63,1326,15.0,.590,.359,.214,8.6,24.7,16.7,5.6,1.6,2.3,14.5,19.5,,1.0,2.0,2.9,.106,,-1.5,0.0,-1.5,0.2"
"199,JaMychal Green\greenja01,PF,28,MEM,41,900,14.9,.580,.308,.256,8.8,23.0,15.7,6.5,1.8,2.8,15.6,20.4,,0.4,1.4,1.8,.096,,-2.1,0.7,-1.4,0.1"
"199,JaMychal Green\greenja01,PF,28,LAC,22,426,15.1,.613,.469,.122,8.2,28.5,18.7,3.8,1.2,1.3,11.9,17.4,,0.6,0.6,1.1,.127,,-0.3,-1.3,-1.6,0.0"
"200,Jeff Green\greenje02,PF,32,WAS,74,2034,13.6,.613,.469,.300,3.0,13.2,8.0,9.2,1.0,1.5,11.6,17.5,,2.8,0.8,3.6,.085,,0.3,-1.4,-1.0,0.5"
"201,Blake Griffin\griffbl01,PF,29,DET,72,2536,20.9,.580,.381,.408,4.1,20.3,11.9,27.3,1.0,0.9,13.9,30.2,,4.9,2.8,7.6,.144,,4.2,0.4,4.6,4.2"
"202,Daniel Hamilton\hamilda02,SG,23,ATL,19,204,7.1,.455,.383,.100,5.1,19.5,12.2,14.6,1.4,0.4,20.3,15.7,,-0.2,0.1,-0.1,-0.021,,-4.9,-0.8,-5.7,-0.2"
"203,Dusty Hannahs\hannadu01,SG,25,MEM,1,14,5.9,.286,.429,.000,0.0,8.2,4.0,44.8,3.6,0.0,12.5,25.5,,-0.1,0.0,0.0,-0.143,,-6.5,-3.1,-9.6,0.0"
"204,Tim Hardaway\hardati02,SG,26,TOT,65,2057,13.7,.527,.480,.278,1.7,9.9,5.7,12.7,1.3,0.3,8.6,25.3,,1.1,0.8,1.9,.044,,0.5,-2.9,-2.4,-0.2"
"204,Tim Hardaway\hardati02,SG,26,NYK,46,1499,14.4,.531,.464,.321,1.8,9.7,5.6,13.4,1.3,0.3,8.9,25.8,,1.1,0.5,1.5,.049,,1.0,-3.1,-2.1,0.0"
"204,Tim Hardaway\hardati02,SG,26,DAL,19,558,11.7,.514,.524,.161,1.4,10.3,5.9,10.9,1.0,0.3,7.7,23.9,,0.0,0.4,0.4,.031,,-0.7,-2.5,-3.3,-0.2"
"205,James Harden\hardeja01,PG,29,HOU,73,2712,30.4,.612,.538,.450,2.5,17.3,9.8,39.7,2.8,1.8,14.4,40.7,,10.5,3.4,13.9,.247,,10.6,1.1,11.7,9.3"
"206,Maurice Harkless\harklma01,SF,25,POR,56,1302,12.7,.531,.313,.176,5.9,14.2,10.1,7.2,2.3,3.0,9.4,13.8,,1.1,1.8,2.9,.107,,-0.5,2.3,1.8,1.3"
"207,Montrezl Harrell\harremo01,C,25,LAC,78,2054,23.5,.638,.020,.466,9.4,16.8,13.2,11.9,1.5,4.1,10.9,23.5,,5.9,2.6,8.5,.198,,2.6,1.5,4.1,3.2"
"208,Devin Harris\harride01,PG,35,DAL,63,956,11.1,.536,.581,.397,1.2,9.6,5.4,16.4,1.8,1.1,12.1,18.6,,0.6,0.8,1.5,.075,,-1.0,-1.0,-2.0,0.0"
"209,Gary Harris\harriga01,SG,24,DEN,51,1471,12.5,.532,.392,.224,2.7,8.1,5.4,11.6,1.6,1.1,9.1,20.0,,1.2,1.3,2.5,.082,,-0.4,-1.0,-1.5,0.2"
"210,Joe Harris\harrijo01,SG,27,BRK,73,2193,13.7,.649,.515,.178,2.4,10.8,6.6,12.2,0.8,0.6,13.0,17.0,,3.8,1.6,5.3,.117,,1.5,-0.6,0.9,1.6"
"211,Tobias Harris\harrito02,PF,26,TOT,78,2728,17.7,.600,.315,.246,2.5,20.8,11.9,12.5,0.9,1.0,9.8,22.7,,4.7,2.7,7.3,.129,,1.4,-0.5,0.9,1.9"
"211,Tobias Harris\harrito02,PF,26,LAC,55,1903,18.4,.605,.302,.256,2.1,21.3,12.0,12.5,1.0,1.0,10.3,23.5,,3.3,1.9,5.2,.132,,1.6,-0.4,1.2,1.5"
"211,Tobias Harris\harrito02,PF,26,PHI,23,825,16.1,.584,.350,.221,3.3,19.6,11.7,12.4,0.6,1.1,8.6,20.7,,1.3,0.8,2.1,.122,,0.7,-0.7,0.0,0.4"
"212,Andrew Harrison\harrian01,PG,24,TOT,17,187,5.8,.443,.472,.340,3.4,8.5,5.8,17.1,1.1,0.9,16.5,16.8,,-0.1,0.0,-0.1,-0.026,,-3.8,-2.7,-6.5,-0.2"
"212,Andrew Harrison\harrian01,PG,24,MEM,1,5,4.6,.500,.500,.000,0.0,0.0,0.0,0.0,0.0,0.0,0.0,17.9,,0.0,0.0,0.0,-0.011,,-4.1,-6.2,-10.3,0.0"
"212,Andrew Harrison\harrian01,PG,24,CLE,10,144,6.6,.467,.359,.410,3.0,8.8,5.8,16.3,1.4,1.2,17.8,17.0,,-0.1,0.0,-0.1,-0.021,,-3.9,-2.1,-6.1,-0.1"
"212,Andrew Harrison\harrian01,PG,24,NOP,6,38,3.1,.349,.833,.167,5.5,8.1,6.8,22.3,0.0,0.0,13.4,16.1,,0.0,0.0,0.0,-0.050,,-3.1,-4.3,-7.4,-0.1"
"213,Shaquille Harrison\harrish01,PG,25,CHI,69,1325,12.2,.488,.210,.309,2.6,14.6,8.6,14.4,3.1,1.6,11.4,16.3,,-0.1,1.4,1.3,.047,,-2.8,1.4,-1.4,0.2"
"214,Josh Hart\hartjo01,SG,23,LAL,67,1715,9.3,.526,.591,.172,2.2,12.6,7.5,7.0,1.7,1.9,10.4,13.5,,0.2,1.9,2.1,.059,,-1.7,1.0,-0.7,0.5"
"215,Isaiah Hartenstein\harteis01,PF,20,HOU,28,221,10.1,.562,.146,.341,10.3,13.4,11.8,9.5,1.6,4.6,21.6,11.8,,0.2,0.2,0.4,.098,,-3.0,2.2,-0.8,0.1"
"216,Udonis Haslem\hasleud01,C,38,MIA,8,35,0.0,.333,.444,.000,3.1,33.5,18.3,0.0,0.0,0.0,18.2,13.5,,-0.1,0.0,-0.1,-0.081,,-12.6,-5.1,-17.8,-0.1"
"217,Gordon Hayward\haywago01,PF,28,BOS,69,1768,15.0,.563,.372,.284,3.1,15.4,9.2,18.4,1.6,1.1,13.2,19.0,,2.1,2.1,4.2,.115,,-0.2,0.3,0.1,0.9"
"218,John Henson\hensojo01,C,28,MIL,14,188,17.2,.553,.463,.149,9.2,28.1,19.2,10.2,1.7,4.9,14.4,18.6,,0.1,0.4,0.6,.149,,-1.8,3.2,1.4,0.2"
"219,Juan Hernangomez\hernaju01,PF,23,DEN,66,1312,11.1,.581,.580,.280,5.2,16.1,10.6,5.0,0.9,1.6,9.7,12.4,,1.5,1.3,2.9,.105,,-0.9,-0.3,-1.1,0.3"
"220,Willy Hernangomez\hernawi01,C,24,CHO,55,791,21.0,.597,.131,.498,15.3,26.0,20.6,11.7,0.9,2.2,13.7,22.2,,1.9,0.7,2.7,.162,,0.7,-0.4,0.2,0.4"
"221,Mario Hezonja\hezonma01,SF,23,NYK,54,1074,10.0,.484,.337,.241,2.4,18.1,10.0,9.1,2.2,0.6,13.3,20.6,,-1.1,0.9,-0.2,-0.009,,-4.0,-0.8,-4.8,-0.7"
"222,Isaiah Hicks\hicksis01,PF,24,NYK,1,4,13.8,.568,,,0.0,0.0,0.0,31.5,0.0,0.0,0.0,9.4,,0.0,0.0,0.0,.132,,-4.3,-10.6,-14.8,0.0"
"223,Buddy Hield\hieldbu01,SG,26,SAC,77,2479,17.5,.587,.472,.150,4.1,12.3,8.1,11.7,1.0,1.1,9.3,25.3,,4.0,1.7,5.7,.110,,3.0,-1.9,1.1,2.0"
"224,Haywood Highsmith\highsha01,SF,22,PHI,3,15,10.8,.500,.600,.000,0.0,20.6,10.6,18.5,0.0,0.0,0.0,14.0,,0.0,0.0,0.0,.099,,-1.5,-2.7,-4.2,0.0"
"225,Nene Hilario\hilarne01,C,36,HOU,39,513,11.9,.552,.019,.425,6.8,18.9,12.7,6.2,1.7,2.3,7.4,11.5,,0.7,0.6,1.3,.120,,-3.2,1.0,-2.2,0.0"
"226,George Hill\hillge01,PG,32,TOT,56,1206,12.0,.551,.398,.205,3.3,8.0,5.8,14.1,2.0,0.6,11.2,14.8,,1.3,1.3,2.6,.103,,-0.7,-0.2,-0.8,0.4"
"226,George Hill\hillge01,PG,32,CLE,13,344,13.5,.604,.262,.187,3.7,5.1,4.4,16.2,1.7,0.3,14.7,17.3,,0.5,0.0,0.5,.067,,0.3,-2.5,-2.2,0.0"
"226,George Hill\hillge01,PG,32,MIL,43,862,11.4,.527,.460,.213,3.1,9.2,6.4,13.2,2.1,0.7,9.5,13.8,,0.8,1.3,2.1,.117,,-1.0,0.8,-0.3,0.4"
"227,Solomon Hill\hillso01,SF,27,NOP,40,777,7.3,.511,.559,.214,4.3,11.3,7.9,7.6,1.3,0.9,14.1,9.8,,0.2,0.4,0.6,.040,,-1.9,-0.1,-1.9,0.0"
"228,Aaron Holiday\holidaa01,PG,22,IND,46,548,12.6,.525,.493,.200,0.8,11.1,6.1,18.7,1.5,2.1,11.9,22.2,,0.1,0.7,0.9,.076,,-1.3,-1.0,-2.3,0.0"
"229,Jrue Holiday\holidjr01,SG,28,NOP,67,2402,19.4,.555,.313,.234,3.3,11.1,7.2,31.9,2.1,1.8,14.1,25.4,,3.6,1.9,5.5,.109,,2.9,-0.1,2.8,2.9"
"230,Justin Holiday\holidju01,SG,29,TOT,77,2439,9.6,.510,.602,.135,2.0,12.0,6.9,8.2,2.3,1.2,11.2,15.3,,-0.6,2.3,1.7,.034,,-1.5,0.6,-0.9,0.7"
"230,Justin Holiday\holidju01,SG,29,CHI,38,1325,11.0,.531,.685,.117,1.5,12.5,7.0,9.1,2.5,1.4,10.2,15.2,,0.2,1.1,1.3,.047,,-0.1,0.7,0.7,0.9"
"230,Justin Holiday\holidju01,SG,29,MEM,39,1114,7.9,.484,.498,.159,2.5,11.3,6.8,7.0,2.1,1.0,12.5,15.4,,-0.8,1.3,0.4,.018,,-3.2,0.5,-2.8,-0.2"
"231,John Holland\hollajo02,SF,30,CLE,1,1,0.0,,,,0.0,0.0,0.0,0.0,0.0,0.0,,0.0,,0.0,0.0,0.0,-0.032,,-6.3,-0.9,-7.2,0.0"
"232,Rondae Hollis-Jefferson\holliro01,SF,24,BRK,57,1199,12.6,.472,.101,.390,6.7,18.9,12.8,11.7,1.6,1.7,10.2,21.3,,-0.2,1.5,1.3,.053,,-4.1,1.1,-3.0,-0.3"
"233,Richaun Holmes\holmeri01,C,25,PHO,69,1146,20.9,.653,.000,.501,10.7,20.6,15.6,7.7,1.8,5.6,10.9,17.9,,3.1,1.2,4.2,.178,,-0.1,1.6,1.6,1.0"
"234,Rodney Hood\hoodro01,SG,26,TOT,68,1782,12.5,.545,.353,.235,1.4,7.9,4.6,10.1,1.5,0.5,6.6,18.3,,2.1,0.4,2.5,.067,,-0.1,-2.2,-2.4,-0.2"
"234,Rodney Hood\hoodro01,SG,26,CLE,45,1234,13.0,.542,.335,.251,1.6,8.8,5.0,11.5,1.5,0.3,6.7,19.1,,1.5,0.0,1.5,.060,,0.0,-2.6,-2.7,-0.2"
"234,Rodney Hood\hoodro01,SG,26,POR,23,548,11.3,.553,.397,.196,1.2,5.9,3.6,7.1,1.5,0.9,6.5,16.5,,0.6,0.4,1.0,.085,,-0.3,-1.4,-1.7,0.0"
"235,Al Horford\horfoal01,C,32,BOS,65,1885,20.1,.602,.288,.132,6.7,18.3,12.4,21.1,1.4,4.0,11.8,18.8,,4.3,2.7,7.1,.180,,2.1,2.7,4.8,3.2"
"236,Danuel House\houseda01,SF,25,HOU,34,872,11.8,.639,.706,.294,3.1,12.7,7.8,5.5,1.0,1.0,12.0,14.1,,1.3,0.5,1.8,.101,,0.1,-1.3,-1.2,0.2"
"237,Dwight Howard\howardw01,C,33,WAS,9,230,17.4,.638,.000,.696,11.2,28.3,19.6,2.6,1.4,1.5,15.1,19.6,,0.4,0.2,0.6,.125,,-2.9,-2.3,-5.1,-0.2"
"238,Kevin Huerter\huertke01,SG,20,ATL,71,1937,9.7,.526,.547,.088,3.0,9.7,6.3,14.3,1.5,1.0,14.0,15.6,,0.5,0.7,1.2,.031,,-1.1,-1.0,-2.1,-0.1"
"239,Chandler Hutchison\hutchch01,SF,22,CHI,44,895,8.8,.507,.239,.182,3.7,19.0,11.3,5.3,1.2,0.6,10.0,12.2,,0.0,0.6,0.6,.030,,-3.9,-0.5,-4.3,-0.5"
"240,Serge Ibaka\ibakase01,C,29,TOR,71,1946,18.4,.581,.194,.210,8.4,23.0,15.9,7.7,0.7,4.2,10.7,22.5,,2.7,3.1,5.8,.143,,-0.7,1.2,0.5,1.2"
"241,Andre Iguodala\iguodan01,SF,35,GSW,66,1537,13.4,.597,.473,.229,3.4,13.4,8.6,16.6,1.9,2.7,13.2,10.3,,2.5,1.7,4.2,.131,,0.4,1.7,2.1,1.6"
"242,Ersan Ilyasova\ilyaser01,PF,31,MIL,63,1144,12.4,.560,.416,.185,8.8,15.8,12.5,5.9,1.3,1.5,10.5,15.8,,1.3,1.8,3.1,.132,,-1.0,0.3,-0.6,0.4"
"243,Joe Ingles\inglejo01,PF,31,UTA,77,2422,13.1,.573,.593,.150,1.5,12.2,6.9,25.5,1.8,0.7,18.0,17.3,,2.1,3.4,5.5,.109,,0.8,0.9,1.6,2.2"
"244,Andre Ingram\ingraan01,SG,33,LAL,4,15,-11.9,.000,.500,.000,7.1,6.8,6.9,0.0,3.1,0.0,14.3,19.4,,-0.1,0.0,-0.1,-0.410,,-17.0,-3.1,-20.1,-0.1"
"245,Brandon Ingram\ingrabr01,SF,21,LAL,52,1760,13.5,.555,.129,.396,2.5,13.0,7.9,12.9,0.7,1.4,13.1,23.2,,0.6,1.4,2.0,.055,,-2.2,-0.6,-2.8,-0.4"
"246,Kyrie Irving\irvinky01,PG,26,BOS,64,2120,24.6,.593,.350,.199,3.5,13.0,8.2,35.4,2.3,1.4,11.4,29.7,,6.0,2.8,8.9,.200,,6.2,0.4,6.6,4.6"
"247,Jonathan Isaac\isaacjo01,PF,21,ORL,72,1925,13.0,.540,.433,.223,5.0,17.0,10.9,5.8,1.5,4.1,10.2,16.2,,0.9,2.9,3.8,.095,,-1.9,2.2,0.2,1.1"
"248,Wesley Iwundu\iwundwe01,SF,24,ORL,64,1160,8.6,.532,.278,.400,3.4,13.0,8.1,7.6,1.1,1.4,12.5,12.9,,0.4,1.3,1.7,.070,,-3.5,0.6,-2.9,-0.3"
"249,Demetrius Jackson\jacksde01,PG,24,PHI,6,39,21.0,.656,.400,.267,5.6,2.6,4.1,19.7,2.4,0.0,5.6,19.1,,0.2,0.0,0.2,.233,,4.4,-3.3,1.1,0.0"
"250,Frank Jackson\jacksfr01,PG,20,NOP,61,1169,9.4,.517,.378,.163,2.2,9.6,5.9,8.0,1.0,0.1,9.1,18.5,,0.1,0.4,0.5,.019,,-2.2,-2.8,-5.0,-0.9"
"251,Jaren Jackson\jacksja02,PF,19,MEM,58,1515,16.4,.591,.241,.334,5.3,15.1,10.1,7.2,1.7,5.2,12.7,22.8,,1.2,2.2,3.4,.107,,-1.3,1.5,0.2,0.8"
"252,Josh Jackson\jacksjo02,SG,21,PHO,75,1835,10.5,.488,.265,.265,3.7,15.6,9.6,14.1,1.8,2.4,16.3,23.9,,-2.7,1.1,-1.6,-0.041,,-4.5,-0.4,-4.9,-1.3"
"253,Justin Jackson\jacksju01,SF,23,TOT,76,1475,10.9,.552,.516,.168,2.7,11.6,7.1,7.7,1.0,0.8,5.5,14.0,,1.6,0.9,2.5,.082,,-0.7,-1.0,-1.7,0.1"
"253,Justin Jackson\jacksju01,SF,23,SAC,52,1083,10.1,.546,.539,.169,2.3,11.7,6.9,8.1,1.0,1.0,6.5,12.9,,1.0,0.7,1.7,.075,,-0.9,-0.6,-1.5,0.1"
"253,Justin Jackson\jacksju01,SF,23,DAL,24,392,13.1,.567,.468,.165,3.6,11.1,7.4,6.8,0.9,0.2,3.2,16.9,,0.6,0.2,0.8,.102,,-0.2,-2.1,-2.3,0.0"
"254,Reggie Jackson\jacksre01,PG,28,DET,77,2169,15.4,.552,.449,.230,2.1,8.3,5.1,24.2,1.2,0.3,11.3,24.2,,3.2,1.7,4.9,.109,,1.9,-2.0,-0.1,1.0"
"255,LeBron James\jamesle01,SF,34,LAL,55,1937,25.7,.588,.299,.382,3.1,21.3,12.4,39.3,1.7,1.4,13.3,31.6,,4.7,2.6,7.3,.180,,6.2,1.8,8.0,4.9"
"256,Amile Jefferson\jeffeam01,PF,25,ORL,10,39,25.7,.679,.000,.889,10.8,27.8,19.2,7.3,2.5,6.4,0.0,14.0,,0.2,0.1,0.3,.334,,0.6,4.1,4.7,0.1"
"257,John Jenkins\jenkijo01,SG,27,TOT,21,221,7.4,.471,.547,.173,1.4,7.8,4.5,7.3,0.0,0.8,5.8,16.5,,-0.1,0.0,-0.1,-0.020,,-3.3,-4.1,-7.4,-0.3"
"257,John Jenkins\jenkijo01,SG,27,WAS,4,14,20.5,1.500,1.000,.000,0.0,7.9,3.9,9.9,0.0,0.0,0.0,6.1,,0.1,0.0,0.1,.202,,7.4,-5.2,2.2,0.0"
"257,John Jenkins\jenkijo01,SG,27,NYK,17,207,6.5,.445,.534,.178,1.5,7.8,4.6,7.1,0.0,0.8,6.0,17.2,,-0.1,0.0,-0.2,-0.035,,-4.0,-4.0,-8.0,-0.3"
"258,Jonas Jerebko\jerebjo01,PF,31,GSW,67,1127,13.9,.598,.531,.242,6.9,18.9,13.1,10.1,1.0,1.2,9.9,15.0,,2.1,1.1,3.2,.136,,0.8,-0.8,0.1,0.6"
"259,Alize Johnson\johnsal02,PF,22,IND,12,36,-0.9,.255,.200,.400,3.2,21.2,12.4,0.0,0.0,2.5,0.0,14.3,,-0.1,0.0,-0.1,-0.089,,-12.0,-3.7,-15.8,-0.1"
"260,Amir Johnson\johnsam01,C,31,PHI,48,480,12.2,.574,.262,.255,8.9,19.3,14.2,16.5,1.5,1.8,22.3,17.6,,0.2,0.6,0.8,.084,,-1.9,0.7,-1.1,0.1"
"261,B.J. Johnson\johnsbj01,SF,23,ATL,6,43,14.1,.622,.375,.125,4.8,15.0,9.8,0.0,2.2,0.0,10.6,17.9,,0.0,0.0,0.1,.078,,-3.0,-5.3,-8.3,-0.1"
"262,James Johnson\johnsja01,PF,31,MIA,50,1065,10.9,.514,.395,.182,2.1,14.3,8.2,16.4,1.5,2.1,14.4,17.9,,0.0,1.4,1.4,.062,,-2.5,0.8,-1.7,0.1"
"263,Stanley Johnson\johnsst04,SF,22,TOT,65,1185,9.4,.478,.491,.142,3.0,17.2,9.9,10.5,2.4,1.0,14.7,19.3,,-1.1,1.6,0.4,.018,,-3.3,0.6,-2.7,-0.2"
"263,Stanley Johnson\johnsst04,SF,22,DET,48,961,9.8,.482,.519,.146,2.7,17.8,10.0,9.3,2.5,1.1,12.9,19.1,,-0.7,1.4,0.7,.033,,-3.0,0.9,-2.1,0.0"
"263,Stanley Johnson\johnsst04,SF,22,NOP,17,224,7.6,.463,.370,.123,4.2,14.6,9.5,15.2,2.3,0.4,21.9,20.0,,-0.4,0.2,-0.2,-0.050,,-4.6,-0.6,-5.2,-0.2"
"264,Tyler Johnson\johnsty01,PG,26,TOT,57,1529,12.5,.532,.494,.241,2.4,9.8,6.1,15.9,1.7,1.6,11.7,18.5,,0.9,1.4,2.3,.072,,-0.6,-0.4,-1.1,0.4"
"264,Tyler Johnson\johnsty01,PG,26,MIA,44,1123,12.4,.540,.509,.219,1.8,9.7,5.7,14.9,1.7,1.7,12.5,19.2,,0.5,1.3,1.8,.076,,-0.7,-0.1,-0.9,0.3"
"264,Tyler Johnson\johnsty01,PG,26,PHO,13,406,12.8,.506,.448,.312,4.0,10.2,7.1,18.7,1.6,1.2,9.0,16.5,,0.4,0.1,0.5,.063,,-0.4,-1.3,-1.6,0.0"
"265,Wesley Johnson\johnswe01,SF,31,TOT,38,534,5.5,.469,.594,.148,2.4,11.7,7.1,5.3,1.2,1.9,11.7,12.0,,-0.3,0.3,0.0,.001,,-3.6,-0.7,-4.3,-0.3"
"265,Wesley Johnson\johnswe01,SF,31,NOP,26,377,6.9,.517,.568,.102,2.8,12.0,7.4,5.2,1.5,1.5,11.5,11.3,,0.0,0.2,0.3,.033,,-2.5,-0.4,-2.9,-0.1"
"265,Wesley Johnson\johnswe01,SF,31,WAS,12,157,2.0,.372,.650,.250,1.4,11.2,6.2,5.6,0.6,2.7,11.9,13.6,,-0.3,0.0,-0.2,-0.075,,-6.3,-1.4,-7.7,-0.2"
"266,Nikola Jokic\jokicni01,C,23,DEN,75,2358,26.7,.591,.224,.297,10.0,27.6,18.8,37.4,2.0,2.0,15.2,27.5,,7.5,4.0,11.5,.234,,6.0,3.7,9.7,7.0"
"267,Damian Jones\jonesda03,C,23,GSW,24,410,15.4,.720,.000,.500,8.5,11.0,9.8,8.8,1.4,5.2,15.1,11.1,,1.0,0.5,1.5,.171,,0.6,2.4,2.9,0.5"
"268,Derrick Jones\jonesde02,SF,21,MIA,57,1088,14.3,.556,.288,.362,9.2,13.6,11.4,4.9,2.1,3.4,10.4,15.9,,1.1,1.6,2.8,.122,,-1.2,1.6,0.4,0.7"
"269,Jalen Jones\jonesja04,SF,25,CLE,16,214,11.7,.548,.452,.435,5.5,12.5,8.8,4.8,2.1,0.8,9.8,16.7,,0.2,0.1,0.3,.057,,-1.2,-2.1,-3.3,-0.1"
"270,Jemerrio Jones\jonesje01,SF,23,LAL,1,5,24.9,.500,.500,.000,21.2,0.0,10.4,0.0,9.3,0.0,0.0,16.6,,0.0,0.0,0.0,.212,,3.8,0.9,4.7,0.0"
"271,Terrence Jones\joneste01,PF,27,HOU,2,5,-15.8,.225,.500,.250,0.0,91.1,44.5,0.0,0.0,0.0,18.4,47.3,,-0.1,0.0,-0.1,-0.664,,-36.2,-16.4,-52.5,-0.1"
"272,Tyus Jones\jonesty01,PG,22,MIN,63,1398,13.4,.484,.287,.164,1.7,7.5,4.6,27.5,2.6,0.3,9.8,14.1,,1.6,0.8,2.5,.085,,-0.6,-1.4,-2.0,0.0"
"273,DeAndre Jordan\jordade01,C,30,TOT,69,2047,19.1,.674,.000,.592,11.7,35.3,23.5,11.6,1.0,3.0,21.4,15.0,,4.0,3.1,7.1,.168,,-0.9,3.3,2.4,2.3"
"273,DeAndre Jordan\jordade01,C,30,DAL,50,1554,18.1,.672,.000,.613,11.2,35.9,23.7,9.5,1.0,2.9,21.3,14.4,,2.7,2.6,5.3,.164,,-1.4,3.4,2.1,1.6"
"273,DeAndre Jordan\jordade01,C,30,NYK,19,493,22.1,.681,.000,.537,13.2,33.4,23.0,18.2,0.9,3.4,21.6,16.8,,1.3,0.6,1.8,.180,,0.7,2.9,3.6,0.7"
"274,Cory Joseph\josepco01,PG,27,IND,78,1965,10.8,.475,.318,.076,2.1,12.5,7.5,20.0,2.2,1.0,12.5,13.6,,0.5,2.8,3.3,.080,,-2.0,1.5,-0.5,0.8"
"275,Frank Kaminsky\kaminfr01,C,25,CHO,42,621,16.0,.581,.466,.315,6.1,17.2,11.5,13.3,0.8,1.4,11.7,21.2,,1.0,0.4,1.3,.102,,0.7,-1.9,-1.1,0.1"
"276,Enes Kanter\kanteen01,C,26,TOT,63,1512,22.1,.592,.051,.296,15.9,26.7,21.2,12.3,0.9,1.4,13.3,22.9,,3.6,1.4,4.9,.156,,1.3,-0.2,1.1,1.2"
"276,Enes Kanter\kanteen01,C,26,NYK,44,1128,21.8,.585,.047,.276,15.5,27.8,21.5,13.0,0.8,1.3,13.1,22.8,,2.5,0.9,3.3,.142,,1.1,-0.2,0.9,0.8"
"276,Enes Kanter\kanteen01,C,26,POR,19,384,23.1,.614,.064,.357,17.3,23.3,20.4,10.2,1.1,1.9,13.8,23.2,,1.1,0.5,1.6,.196,,2.0,-0.2,1.9,0.4"
"277,Luke Kennard\kennalu01,SG,22,DET,58,1319,11.8,.554,.504,.113,0.9,13.5,6.9,12.2,0.9,0.6,8.9,17.9,,1.1,1.2,2.3,.083,,-0.7,-1.0,-1.7,0.1"
"278,Michael Kidd-Gilchrist\kiddgmi01,PF,25,CHO,61,1132,13.5,.550,.131,.377,8.2,14.7,11.4,7.3,1.3,2.9,9.9,15.8,,1.4,0.9,2.4,.100,,-1.7,0.3,-1.3,0.2"
"279,George King\kingge03,SF,25,PHO,1,6,1.9,,,,0.0,18.7,9.3,0.0,0.0,0.0,,0.0,,0.0,0.0,0.0,.001,,-8.8,-1.7,-10.5,0.0"
"280,Maxi Kleber\klebima01,PF,27,DAL,68,1435,13.5,.587,.570,.188,6.4,16.5,11.5,6.8,1.2,4.4,11.0,13.6,,1.7,1.8,3.5,.117,,-0.5,2.2,1.7,1.4"
"281,Brandon Knight\knighbr03,PG,27,TOT,35,619,9.4,.496,.511,.113,1.2,7.5,4.2,15.1,1.4,0.1,9.7,18.1,,0.1,0.0,0.1,.008,,-1.5,-3.4,-4.9,-0.5"
"281,Brandon Knight\knighbr03,PG,27,HOU,12,118,0.8,.347,.681,.234,0.9,7.7,4.2,10.7,0.8,0.0,8.8,20.9,,-0.3,0.0,-0.3,-0.115,,-6.9,-4.6,-11.4,-0.3"
"281,Brandon Knight\knighbr03,PG,27,CLE,23,501,11.5,.538,.466,.080,1.3,7.4,4.2,16.2,1.6,0.2,10.0,17.5,,0.4,0.0,0.4,.037,,-0.3,-3.1,-3.4,-0.2"
"282,Kevin Knox\knoxke01,PF,19,NYK,70,1998,8.5,.476,.395,.236,2.9,13.3,7.9,5.7,1.0,0.9,10.2,22.1,,-2.0,0.7,-1.3,-0.030,,-3.6,-2.4,-6.0,-2.0"
"283,Furkan Korkmaz\korkmfu01,SG,21,PHI,46,654,11.7,.533,.594,.179,2.7,14.0,8.5,11.0,2.0,0.2,9.0,17.8,,0.4,0.7,1.1,.083,,-0.6,-1.3,-1.9,0.0"
"284,Luke Kornet\kornelu01,PF,23,NYK,41,648,14.9,.540,.695,.178,3.3,14.0,8.5,10.6,1.9,3.8,7.6,18.1,,0.7,0.6,1.2,.090,,0.5,0.2,0.7,0.4"
"285,Kyle Korver\korveky01,SG-PF,37,TOT,70,1334,11.3,.582,.720,.151,0.7,12.4,6.6,8.9,0.9,0.7,10.3,18.5,,1.0,1.3,2.3,.082,,0.0,-1.5,-1.5,0.2"
"285,Kyle Korver\korveky01,PF,37,CLE,16,251,11.3,.650,.711,.211,0.0,13.4,6.4,10.2,0.6,0.7,17.0,17.4,,0.2,0.0,0.2,.044,,-0.2,-3.4,-3.6,-0.1"
"285,Kyle Korver\korveky01,SG,37,UTA,54,1083,11.3,.569,.722,.140,0.9,12.2,6.6,8.6,1.0,0.7,8.9,18.7,,0.8,1.3,2.1,.091,,0.1,-1.1,-1.0,0.3"
"286,Kosta Koufos\koufoko01,C,29,SAC,39,464,12.0,.460,.000,.161,10.4,27.1,18.6,9.9,1.5,3.1,14.1,15.2,,-0.1,0.7,0.6,.064,,-4.6,2.2,-2.4,0.0"
"287,Rodions Kurucs\kurucro01,SF,20,BRK,59,1207,11.0,.559,.400,.216,4.3,14.9,9.7,5.6,1.5,1.6,14.0,17.9,,0.2,1.4,1.6,.062,,-2.5,0.2,-2.3,-0.1"
"288,Kyle Kuzma\kuzmaky01,PF,23,LAL,70,2314,14.1,.546,.388,.230,2.7,14.1,8.5,11.5,0.8,0.9,10.0,23.9,,1.2,1.9,3.1,.065,,-0.4,-1.4,-1.8,0.1"
"289,Skal Labissiere\labissk01,PF,22,TOT,20,131,7.4,.517,.355,.419,3.9,17.6,10.6,9.6,1.1,2.6,19.7,14.4,,-0.1,0.1,0.1,.023,,-4.7,0.1,-4.6,-0.1"
"289,Skal Labissiere\labissk01,PF,22,SAC,13,113,6.9,.517,.367,.367,3.6,18.6,10.9,6.8,0.8,2.3,16.7,15.3,,-0.1,0.1,0.0,.021,,-4.7,-0.4,-5.1,-0.1"
"289,Skal Labissiere\labissk01,PF,22,POR,7,18,10.4,.532,.000,2.000,6.0,11.6,8.9,27.3,2.7,4.5,51.5,9.1,,0.0,0.0,0.0,.037,,-4.3,3.1,-1.2,0.0"
"290,Jeremy Lamb\lambje01,SG,26,CHO,74,2107,16.6,.544,.336,.258,3.1,18.2,10.5,11.6,1.8,1.3,7.0,22.4,,2.7,1.8,4.5,.102,,0.2,-0.6,-0.4,0.9"
"291,Zach LaVine\lavinza01,SG,23,CHI,63,2171,18.8,.574,.283,.330,2.0,12.9,7.4,22.7,1.3,1.0,14.2,30.5,,1.8,1.1,2.9,.063,,1.8,-1.8,0.0,1.1"
"292,Jake Layman\laymaja01,SF,24,POR,66,1224,13.8,.597,.437,.171,4.9,12.7,8.9,5.5,1.1,2.0,9.2,15.8,,1.8,1.1,2.9,.114,,0.4,-0.5,-0.1,0.6"
"293,T.J. Leaf\leaftj01,PF,21,IND,54,452,15.9,.576,.187,.173,8.6,17.3,13.1,6.8,0.7,3.0,6.4,16.7,,0.7,0.6,1.3,.141,,-1.2,-0.1,-1.3,0.1"
"294,Courtney Lee\leeco01,SG,33,TOT,30,345,8.9,.467,.414,.212,2.1,10.9,6.4,11.1,2.2,0.7,9.2,14.8,,-0.1,0.3,0.2,.028,,-3.4,-0.3,-3.7,-0.1"
"294,Courtney Lee\leeco01,SG,33,NYK,12,160,13.7,.527,.340,.298,3.8,14.2,8.9,15.1,2.4,1.1,8.6,15.5,,0.2,0.1,0.3,.086,,-1.1,-0.1,-1.2,0.0"
"294,Courtney Lee\leeco01,SG,33,DAL,18,185,4.6,.408,.481,.135,0.6,8.0,4.4,7.6,2.1,0.5,9.8,14.2,,-0.2,0.2,-0.1,-0.023,,-5.3,-0.5,-5.8,-0.2"
"295,Damion Lee\leeda03,SG,26,GSW,27,298,9.4,.556,.537,.158,2.6,13.1,8.1,2.6,1.6,0.0,9.0,16.0,,0.1,0.2,0.3,.054,,-2.2,-2.9,-5.1,-0.2"
"296,Walt Lemon\lemonwa01,PG,26,CHI,2,62,16.7,.422,.037,.222,1.7,8.9,5.3,27.6,5.5,1.4,3.3,21.6,,0.0,0.1,0.1,.062,,-2.0,1.2,-0.9,0.0"
"297,Alex Len\lenal01,C,25,ATL,72,1415,16.6,.571,.292,.328,10.8,18.8,14.7,8.1,0.8,3.8,12.5,21.9,,1.7,1.0,2.7,.092,,-0.7,-0.8,-1.5,0.2"
"298,Kawhi Leonard\leonaka01,SF,27,TOR,56,1913,26.1,.608,.264,.387,4.4,18.6,11.7,16.4,2.6,1.0,8.7,30.3,,5.9,3.2,9.1,.227,,4.4,0.8,5.2,3.5"
"299,Meyers Leonard\leoname01,C,26,POR,59,829,15.9,.674,.476,.214,5.9,22.1,14.2,12.0,0.8,0.9,13.8,14.8,,2.0,0.8,2.9,.166,,1.8,-0.2,1.6,0.7"
"300,Jon Leuer\leuerjo01,PF,29,DET,39,389,13.4,.613,.098,.277,7.0,20.2,13.4,5.6,1.5,0.9,15.5,16.5,,0.4,0.5,0.9,.109,,-2.9,-0.1,-3.0,-0.1"
"301,Caris LeVert\leverca01,SF,24,BRK,36,963,14.5,.503,.320,.249,3.4,11.8,7.6,22.9,1.9,1.1,11.7,24.2,,0.3,1.0,1.3,.065,,-0.7,0.1,-0.6,0.3"
"302,Damian Lillard\lillada01,PG,28,POR,76,2696,24.0,.590,.415,.334,2.7,11.0,6.9,30.7,1.5,1.0,10.8,29.5,,9.3,2.3,11.6,.206,,6.7,-1.1,5.6,5.1"
"303,Jeremy Lin\linje01,PG,30,TOT,71,1395,13.9,.562,.345,.389,1.6,11.7,6.6,23.6,1.5,0.8,16.2,21.9,,1.3,0.9,2.2,.075,,-0.9,-1.8,-2.7,-0.3"
"303,Jeremy Lin\linje01,PG,30,ATL,51,1003,15.9,.594,.342,.435,1.7,11.1,6.3,26.9,1.8,0.6,17.6,22.7,,1.5,0.5,2.0,.095,,0.2,-2.3,-2.2,0.0"
"303,Jeremy Lin\linje01,PG,30,TOR,20,392,8.7,.470,.354,.264,1.4,13.2,7.4,15.4,1.0,1.3,12.0,20.0,,-0.2,0.4,0.2,.026,,-3.6,-0.6,-4.2,-0.2"
"304,Shaun Livingston\livinsh01,PG,33,GSW,60,916,11.8,.550,.010,.240,4.9,8.1,6.6,15.3,1.6,2.3,14.1,12.3,,1.1,0.8,1.9,.098,,-1.9,0.4,-1.5,0.1"
"305,Zach Lofton\loftoza01,SG,26,DET,1,4,-10.0,.000,1.000,.000,0.0,0.0,0.0,0.0,12.3,0.0,50.0,21.5,,-0.1,0.0,0.0,-0.447,,-16.9,8.1,-8.8,0.0"
"306,Kevon Looney\looneke01,C,22,GSW,74,1405,16.8,.635,.032,.335,14.3,15.7,15.1,10.7,1.4,3.1,11.8,12.4,,3.9,1.6,5.5,.187,,1.7,1.7,3.4,1.9"
"307,Brook Lopez\lopezbr01,C,30,MIL,78,2237,14.8,.605,.657,.170,1.4,14.8,8.5,5.7,1.0,6.4,9.0,16.8,,2.4,4.2,6.7,.143,,-0.1,2.9,2.8,2.7"
"308,Robin Lopez\lopezro01,C,30,CHI,70,1500,15.9,.597,.052,.238,9.6,10.1,9.9,9.0,0.4,4.3,14.3,18.8,,1.9,0.7,2.5,.081,,-1.0,0.0,-0.9,0.4"
"309,Kevin Love\loveke01,PF,30,CLE,21,585,19.4,.561,.516,.409,6.0,40.0,22.3,12.6,0.4,0.7,11.3,27.7,,0.9,0.4,1.3,.105,,0.7,-2.5,-1.8,0.0"
"310,Kyle Lowry\lowryky01,PG,32,TOR,62,2101,16.9,.567,.612,.263,2.1,12.7,7.5,35.5,2.0,1.2,18.3,19.7,,3.7,2.8,6.5,.148,,2.7,0.4,3.2,2.7"
"311,Jordan Loyd\loydjo01,PG,25,TOR,11,47,15.4,.625,.500,.714,2.4,15.7,9.2,17.2,0.0,0.0,9.8,18.6,,0.1,0.0,0.2,.181,,0.9,-2.8,-1.9,0.0"
"312,Kalin Lucas\lucaska01,PG,29,DET,1,6,16.6,.532,1.000,2.000,0.0,56.9,27.4,20.7,0.0,0.0,0.0,13.5,,0.0,0.0,0.0,.237,,-1.0,0.5,-0.5,0.0"
"313,Timothe Luwawu-Cabarrot\luwawti01,SF,23,TOT,46,562,7.5,.485,.549,.166,2.1,13.0,7.5,5.7,1.5,0.9,9.2,15.8,,-0.3,0.4,0.1,.012,,-3.4,-1.5,-4.9,-0.4"
"313,Timothe Luwawu-Cabarrot\luwawti01,SF,23,OKC,21,123,3.5,.383,.512,.140,3.3,12.1,7.6,4.2,1.5,0.7,9.9,16.8,,-0.2,0.1,-0.1,-0.033,,-6.7,-1.8,-8.5,-0.2"
"313,Timothe Luwawu-Cabarrot\luwawti01,SF,23,CHI,25,439,8.7,.517,.561,.174,1.7,13.3,7.5,6.2,1.5,1.0,9.0,15.5,,0.0,0.3,0.2,.025,,-2.4,-1.4,-3.9,-0.2"
"314,Tyler Lydon\lydonty01,PF,22,DEN,24,90,8.1,.573,.588,.176,7.2,13.3,10.2,7.1,1.1,0.0,17.9,10.6,,0.1,0.1,0.1,.069,,-2.0,-1.2,-3.2,0.0"
"315,Trey Lyles\lylestr01,PF,23,DEN,61,1069,12.5,.495,.400,.237,4.1,19.6,11.9,11.1,1.3,1.9,11.1,23.4,,-0.3,1.3,1.0,.047,,-2.8,-0.8,-3.6,-0.4"
"316,Scott Machado\machasc01,PG,28,LAL,4,19,22.3,.776,.167,.167,0.0,0.0,0.0,23.4,2.4,0.0,0.0,14.1,,0.1,0.0,0.1,.281,,2.4,-6.9,-4.4,0.0"
"317,Shelvin Mack\macksh01,PG,28,TOT,57,1246,10.4,.489,.323,.208,1.6,7.9,4.7,22.7,1.9,0.3,13.0,18.1,,-0.2,1.1,0.9,.035,,-2.6,-1.5,-4.1,-0.7"
"317,Shelvin Mack\macksh01,PG,28,MEM,53,1204,11.0,.499,.329,.193,1.6,8.0,4.8,23.4,1.9,0.3,12.8,18.0,,0.1,1.1,1.2,.046,,-2.2,-1.5,-3.6,-0.5"
"317,Shelvin Mack\macksh01,PG,28,CHO,4,42,-6.5,.251,.143,.643,0.0,5.2,2.6,3.0,2.3,0.0,18.2,22.5,,-0.3,0.0,-0.3,-0.303,,-14.5,-3.0,-17.5,-0.2"
"318,Daryl Macon\maconda01,SG,23,DAL,6,36,-2.0,.273,.091,.000,3.0,5.9,4.5,15.5,1.3,0.0,21.4,16.7,,-0.1,0.0,-0.1,-0.161,,-10.4,-1.6,-12.1,-0.1"
"319,J.P. Macura\macurjp01,SG,23,CHO,1,14,0.5,.250,.500,.000,0.0,15.7,7.7,20.8,0.0,0.0,0.0,24.5,,-0.1,0.0,-0.1,-0.216,,-8.3,-5.0,-13.3,0.0"
"320,Ian Mahinmi\mahinia01,C,32,WAS,32,453,12.3,.560,.151,.698,9.5,16.8,13.1,6.9,2.5,2.8,15.1,12.4,,0.5,0.5,1.0,.102,,-2.0,1.6,-0.5,0.2"
"321,Thon Maker\makerth01,C-PF,21,TOT,59,873,12.4,.545,.570,.313,4.5,17.9,11.3,6.6,1.0,4.4,9.0,15.2,,0.7,1.4,2.1,.115,,-1.9,1.6,-0.3,0.4"
"321,Thon Maker\makerth01,C,21,MIL,35,409,12.9,.546,.582,.276,4.5,18.5,11.9,5.8,1.1,3.7,5.7,16.3,,0.4,0.7,1.1,.134,,-1.6,0.7,-0.9,0.1"
"321,Thon Maker\makerth01,PF,21,DET,24,464,11.9,.545,.557,.357,4.5,17.4,10.7,7.3,1.0,4.9,12.5,14.1,,0.3,0.6,0.9,.098,,-2.2,2.4,0.2,0.3"
"322,Boban Marjanovic\marjabo01,C,30,TOT,53,606,23.6,.661,.027,.569,14.8,26.3,20.7,10.8,1.0,3.3,16.4,23.4,,1.8,0.8,2.6,.207,,0.9,0.3,1.1,0.5"
"322,Boban Marjanovic\marjabo01,C,30,LAC,36,376,25.0,.666,.014,.679,16.1,26.5,21.5,9.3,1.4,3.6,16.9,24.6,,1.2,0.6,1.7,.222,,1.1,0.4,1.6,0.3"
"322,Boban Marjanovic\marjabo01,C,30,PHI,17,230,21.3,.653,.047,.388,12.8,25.9,19.6,13.1,0.4,2.7,15.3,21.4,,0.6,0.3,0.9,.183,,0.4,0.0,0.4,0.1"
"323,Lauri Markkanen\markkla01,PF,21,CHI,52,1682,17.1,.553,.418,.245,4.8,25.9,15.2,7.2,1.1,1.7,8.8,25.1,,1.3,1.5,2.8,.079,,-0.2,-1.7,-1.9,0.0"
"324,Jarell Martin\martija01,PF,24,ORL,39,295,10.2,.545,.536,.113,3.6,20.2,11.8,7.4,0.3,2.3,9.7,16.7,,0.1,0.3,0.5,.075,,-3.0,-0.9,-3.9,-0.1"
"325,Frank Mason\masonfr01,PG,24,SAC,35,403,12.5,.496,.361,.361,1.0,8.9,4.9,27.4,1.8,0.9,15.0,20.5,,0.1,0.3,0.4,.046,,-2.2,-2.2,-4.4,-0.2"
"326,Wesley Matthews\matthwe02,SF-SG,32,TOT,67,2045,10.5,.546,.575,.238,1.7,7.1,4.4,11.3,1.3,0.7,10.4,17.9,,1.3,1.5,2.8,.065,,-0.2,-1.1,-1.3,0.4"
"326,Wesley Matthews\matthwe02,SF,32,DAL,44,1312,11.3,.556,.561,.235,1.7,6.6,4.2,11.7,1.2,0.8,10.1,18.9,,1.0,0.8,1.8,.067,,0.1,-1.4,-1.3,0.3"
"326,Wesley Matthews\matthwe02,SG,32,NYK,2,54,2.9,.330,.526,.263,1.9,4.0,2.9,12.9,0.9,1.6,8.6,18.3,,-0.1,0.0,-0.1,-0.114,,-6.2,-3.4,-9.6,-0.1"
"326,Wesley Matthews\matthwe02,SG,32,IND,21,679,9.6,.546,.614,.244,1.8,8.2,5.1,10.4,1.4,0.5,11.4,15.9,,0.4,0.7,1.1,.075,,-0.3,-0.5,-0.8,0.2"
"327,Luc Mbah a Moute\mbahalu01,PF,32,LAC,4,61,6.8,.495,.333,.278,3.6,8.4,6.1,4.5,0.8,1.3,9.0,15.4,,0.0,0.0,0.0,.013,,-3.3,-2.0,-5.3,-0.1"
"328,Tahjere McCall\mccalta01,SG,24,BRK,1,8,9.6,.581,.333,.333,0.0,13.1,6.6,0.0,0.0,0.0,0.0,18.1,,0.0,0.0,0.0,.053,,-3.9,-6.0,-9.9,0.0"
"329,Patrick McCaw\mccawpa01,SG,23,TOT,29,397,7.5,.532,.444,.238,2.0,11.0,6.5,9.2,2.8,0.4,19.6,9.4,,0.0,0.5,0.5,.064,,-2.8,1.6,-1.1,0.1"
"329,Patrick McCaw\mccawpa01,SG,23,CLE,3,53,-0.7,.278,.444,.000,0.0,6.6,3.1,4.9,1.9,0.0,25.0,9.9,,-0.2,0.0,-0.2,-0.137,,-8.1,-1.1,-9.2,-0.1"
"329,Patrick McCaw\mccawpa01,SG,23,TOR,26,344,8.7,.569,.444,.278,2.3,11.6,7.1,9.8,2.9,0.5,18.8,9.3,,0.2,0.5,0.7,.095,,-1.9,2.0,0.1,0.2"
"330,CJ McCollum\mccolcj01,SG,27,POR,68,2321,17.2,.557,.357,.155,2.8,9.7,6.3,13.6,1.1,0.9,7.4,25.6,,4.0,1.6,5.6,.116,,2.2,-1.9,0.3,1.4"
"331,T.J. McConnell\mccontj01,PG,26,PHI,71,1376,13.4,.553,.108,.090,2.1,10.2,6.2,25.4,2.6,0.9,17.4,14.9,,1.2,1.6,2.8,.097,,-1.6,0.1,-1.5,0.2"
"332,Doug McDermott\mcderdo01,SF,27,IND,73,1248,11.4,.618,.496,.183,1.5,7.6,4.6,6.9,0.6,0.5,8.7,16.1,,1.6,1.0,2.7,.102,,-0.1,-2.1,-2.3,-0.1"
"333,JaVale McGee\mcgeeja01,C,31,LAL,70,1554,22.0,.635,.014,.243,12.4,22.2,17.4,4.6,1.3,7.3,12.8,20.0,,3.0,2.7,5.7,.176,,-0.8,2.7,1.9,1.5"
"334,Rodney McGruder\mcgruro01,SG,27,MIA,63,1508,9.5,.517,.493,.156,3.9,12.1,8.0,10.4,1.1,0.7,11.6,15.5,,0.5,1.5,1.9,.062,,-1.7,-0.2,-2.0,0.0"
"335,Alfonzo McKinnie\mckinal01,SF,26,GSW,66,899,11.3,.570,.418,.167,9.6,16.8,13.4,3.9,0.8,1.2,9.1,14.1,,1.1,0.8,1.9,.100,,-0.8,-1.9,-2.7,-0.2"
"336,Ben McLemore\mclembe01,SG,25,SAC,19,158,10.5,.541,.641,.188,1.9,9.3,5.5,3.4,1.8,1.6,6.7,19.4,,0.1,0.1,0.2,.058,,-1.1,-2.5,-3.6,-0.1"
"337,Jordan McRae\mcraejo01,SG,27,WAS,25,290,14.1,.553,.241,.277,2.2,12.2,7.1,11.1,1.6,1.7,8.7,20.1,,0.3,0.2,0.4,.068,,-2.2,-1.9,-4.2,-0.2"
"338,Jodie Meeks\meeksjo01,SG,31,TOR,6,75,17.6,.641,.467,.033,1.5,14.0,7.9,10.2,0.6,1.1,3.2,18.0,,0.2,0.1,0.3,.167,,1.6,-2.0,-0.3,0.0"
"339,Salah Mejri\mejrisa01,C,32,DAL,32,316,14.7,.565,.234,.260,11.0,24.6,17.8,12.1,1.4,4.3,17.3,14.1,,0.4,0.5,0.8,.129,,-2.0,3.2,1.2,0.3"
"340,De'Anthony Melton\meltode01,PG,20,PHO,46,897,9.6,.457,.394,.087,2.6,12.4,7.4,22.3,3.4,2.0,21.8,14.7,,-0.8,0.8,0.0,.001,,-3.6,1.2,-2.5,-0.1"
"341,Chimezie Metu\metuch01,PF,21,SAS,29,145,6.4,.389,.034,.293,6.8,20.1,13.5,12.0,2.0,1.2,18.6,24.4,,-0.5,0.2,-0.3,-0.100,,-8.9,-0.3,-9.2,-0.3"
"342,Khris Middleton\middlkh01,SF,27,MIL,73,2297,16.3,.556,.413,.226,2.3,16.7,9.9,19.9,1.5,0.2,12.1,24.7,,2.4,3.5,6.0,.124,,0.6,0.1,0.7,1.6"
"343,C.J. Miles\milescj01,SF,31,TOT,53,856,9.0,.504,.653,.186,1.7,10.4,6.1,6.0,1.5,1.5,8.2,18.6,,-0.2,0.9,0.7,.042,,-2.0,-1.4,-3.4,-0.3"
"343,C.J. Miles\milescj01,SF,31,TOR,40,562,8.0,.484,.665,.214,2.4,10.5,6.5,5.3,1.5,1.5,8.5,18.8,,-0.3,0.7,0.4,.035,,-2.4,-1.3,-3.6,-0.2"
"343,C.J. Miles\milescj01,SF,31,MEM,13,294,10.8,.544,.629,.133,0.4,10.2,5.2,7.5,1.4,1.6,7.5,18.3,,0.1,0.3,0.3,.055,,-1.4,-1.5,-2.9,-0.1"
"344,Darius Miller\milleda01,SF,28,NOP,69,1757,8.4,.550,.752,.147,0.8,6.7,3.8,10.4,1.1,1.1,10.3,13.4,,1.1,0.6,1.7,.046,,-0.1,-1.6,-1.7,0.1"
"345,Malcolm Miller\millema01,SF,25,TOR,9,58,14.4,.643,.875,.083,0.0,7.3,3.7,2.5,0.8,1.4,3.9,19.2,,0.1,0.1,0.2,.133,,2.3,-3.8,-1.5,0.0"
"346,Patty Mills\millspa02,PG,30,SAS,77,1806,12.8,.569,.600,.156,1.5,9.0,5.2,17.5,1.2,0.4,12.0,18.4,,1.9,1.1,3.0,.080,,1.3,-2.1,-0.8,0.5"
"347,Paul Millsap\millspa01,PF,33,DEN,65,1769,18.3,.572,.233,.374,8.7,20.3,14.5,10.5,2.2,2.6,10.7,19.6,,3.1,2.8,5.9,.160,,0.6,1.9,2.4,2.0"
"348,Shake Milton\miltosh01,SG,22,PHI,16,182,12.3,.562,.508,.082,4.2,9.0,6.7,10.2,1.3,1.7,6.0,15.5,,0.2,0.2,0.4,.107,,-0.1,-1.4,-1.4,0.0"
"349,Nikola Mirotic\mirotni01,PF,27,TOT,46,1245,17.2,.584,.587,.229,5.1,22.7,14.1,6.2,1.2,2.2,7.4,21.4,,2.0,1.5,3.5,.135,,1.2,-1.2,0.0,0.6"
"349,Nikola Mirotic\mirotni01,PF,27,NOP,32,925,17.5,.591,.568,.248,5.2,24.2,14.8,5.3,1.1,2.2,7.6,21.7,,1.6,0.9,2.5,.130,,1.4,-1.7,-0.3,0.4"
"349,Nikola Mirotic\mirotni01,PF,27,MIL,14,320,16.3,.562,.644,.170,4.7,18.3,11.9,8.6,1.5,2.4,7.0,20.5,,0.4,0.6,1.0,.150,,0.7,0.2,0.9,0.2"
"350,Donovan Mitchell\mitchdo01,SG,22,UTA,73,2458,16.7,.532,.340,.250,2.5,10.4,6.5,20.8,2.0,1.0,11.6,31.6,,0.7,3.5,4.2,.082,,0.4,-0.2,0.2,1.4"
"351,Naz Mitrou-Long\mitrona01,SG,25,UTA,11,45,-1.9,.318,.636,.000,0.0,4.7,2.4,14.4,0.0,0.0,21.4,13.3,,-0.1,0.0,-0.1,-0.093,,-8.1,-2.8,-11.0,-0.1"
"352,Malik Monk\monkma01,SG,20,CHO,68,1167,11.7,.518,.559,.183,1.2,10.0,5.5,14.5,1.4,1.1,12.2,25.3,,-0.4,0.6,0.2,.007,,-1.1,-3.1,-4.2,-0.7"
"353,Greg Monroe\monrogr01,C,28,TOT,40,428,14.1,.490,.024,.367,16.3,23.6,20.1,6.2,1.5,1.5,13.8,22.5,,0.0,0.7,0.7,.076,,-4.1,-0.6,-4.7,-0.3"
"353,Greg Monroe\monrogr01,C,28,TOR,38,423,13.5,.487,.025,.379,15.7,23.9,19.9,5.4,1.5,1.6,14.2,22.2,,-0.1,0.7,0.6,.071,,-4.6,-0.7,-5.3,-0.4"
"353,Greg Monroe\monrogr01,C,28,BOS,2,5,60.4,.600,.000,.000,63.8,0.0,32.1,73.8,0.0,0.0,0.0,43.1,,0.1,0.0,0.1,.535,,38.3,6.8,45.1,0.1"
"354,E'Twaun Moore\mooreet01,SG,29,NOP,53,1463,11.5,.567,.331,.111,2.5,6.4,4.5,9.6,1.3,0.4,9.6,17.3,,1.2,0.5,1.7,.056,,-0.2,-1.9,-2.2,-0.1"
"355,Eric Moreland\moreler01,PF,27,TOT,4,36,7.4,.583,.167,.000,9.2,38.6,24.1,14.4,0.0,0.0,33.3,10.7,,0.0,0.1,0.1,.083,,-5.3,0.2,-5.1,0.0"
"355,Eric Moreland\moreler01,PF,27,PHO,1,5,3.9,,,,0.0,67.5,33.3,0.0,0.0,0.0,,0.0,,0.0,0.0,0.0,.079,,-14.0,-3.9,-17.9,0.0"
"355,Eric Moreland\moreler01,PF,27,TOR,3,31,7.9,.583,.167,.000,10.7,34.0,22.6,16.7,0.0,0.0,33.3,12.5,,0.0,0.0,0.1,.084,,-3.9,0.9,-3.0,0.0"
"356,Jaylen Morris\morrija01,SG,23,MIL,4,29,12.2,.460,.300,.200,0.0,16.5,8.8,18.1,3.2,0.0,8.4,17.2,,0.0,0.1,0.1,.086,,-3.8,0.9,-2.9,0.0"
"357,Marcus Morris\morrima03,PF,29,BOS,73,2036,14.4,.571,.460,.200,3.9,19.5,11.7,7.5,1.0,1.0,9.1,20.8,,2.1,2.4,4.5,.105,,-0.4,-1.1,-1.4,0.3"
"358,Markieff Morris\morrima02,PF,29,TOT,53,1180,11.2,.517,.432,.200,4.5,17.1,10.7,8.8,1.4,1.6,9.9,19.1,,0.3,0.9,1.2,.050,,-1.9,-1.0,-3.0,-0.3"
"358,Markieff Morris\morrima02,PF,29,WAS,34,883,12.3,.543,.439,.223,5.0,16.6,10.7,9.7,1.3,1.9,11.5,19.6,,0.4,0.5,1.0,.052,,-1.1,-0.9,-2.0,0.0"
"358,Markieff Morris\morrima02,PF,29,OKC,19,297,7.9,.443,.414,.138,3.0,18.6,10.6,6.4,1.4,0.6,4.6,17.7,,-0.1,0.4,0.3,.047,,-4.5,-1.3,-5.8,-0.3"
"359,Monte Morris\morrimo01,PG,23,DEN,76,1840,16.0,.572,.325,.110,2.0,8.9,5.4,21.9,1.8,0.2,6.9,16.9,,4.0,1.7,5.7,.148,,1.4,-1.3,0.1,1.0"
"360,Johnathan Motley\motlejo01,PF,23,LAC,20,141,17.2,.550,.046,.554,11.7,19.7,15.8,11.5,1.3,1.7,15.7,28.7,,0.1,0.2,0.2,.074,,-2.6,-1.5,-4.1,-0.1"
"361,Emmanuel Mudiay\mudiaem01,PG,22,NYK,58,1567,14.7,.534,.282,.245,2.1,10.8,6.3,23.8,1.3,1.0,14.5,25.6,,0.2,0.6,0.8,.024,,-0.4,-2.0,-2.4,-0.1"
"362,Jamal Murray\murraja01,PG,21,DEN,70,2287,15.8,.537,.354,.186,2.8,10.9,6.9,22.1,1.3,1.0,11.2,24.9,,2.6,2.1,4.7,.098,,1.0,-1.1,-0.1,1.1"
"363,Dzanan Musa\musadz01,SG,19,BRK,8,34,2.9,.383,.450,.100,3.1,9.3,6.2,5.0,2.8,0.0,16.1,30.8,,-0.2,0.0,-0.2,-0.225,,-10.0,-3.4,-13.3,-0.1"
"364,Mike Muscala\muscami01,PF,27,TOT,59,1162,10.3,.546,.718,.254,4.9,14.5,9.8,8.0,0.9,2.3,11.0,14.4,,0.9,1.1,2.0,.083,,-0.5,-0.2,-0.8,0.4"
"364,Mike Muscala\muscami01,PF,27,PHI,47,1041,10.4,.560,.716,.277,5.4,14.7,10.2,7.9,0.8,2.0,12.1,14.3,,0.9,1.0,1.9,.088,,-0.3,-0.3,-0.6,0.4"
"364,Mike Muscala\muscami01,PF,27,LAL,12,121,9.3,.444,.732,.098,0.9,12.6,6.8,8.6,1.2,4.7,2.3,15.0,,0.0,0.1,0.1,.045,,-3.0,0.6,-2.4,0.0"
"365,Sviatoslav Mykhailiuk\mykhasv01,SF,21,TOT,42,440,6.1,.447,.636,.143,2.2,6.2,4.2,10.9,1.5,0.2,12.4,16.0,,-0.4,0.3,-0.1,-0.013,,-3.6,-2.1,-5.7,-0.4"
"365,Sviatoslav Mykhailiuk\mykhasv01,SF,21,LAL,39,420,5.9,.451,.644,.152,2.0,6.3,4.2,10.1,1.4,0.2,12.4,15.9,,-0.4,0.3,-0.1,-0.014,,-3.7,-2.1,-5.8,-0.4"
"365,Sviatoslav Mykhailiuk\mykhasv01,SF,21,DET,3,20,9.8,.375,.500,.000,5.3,5.7,5.5,28.3,2.5,0.0,11.1,19.4,,0.0,0.0,0.0,.015,,-2.7,-1.9,-4.6,0.0"
"366,Abdel Nader\naderab01,SF,25,OKC,58,672,8.7,.527,.463,.174,1.8,15.2,8.3,3.6,1.3,1.5,9.6,14.5,,0.1,0.8,0.9,.067,,-4.1,-0.8,-4.9,-0.5"
"367,Larry Nance\nancela02,C,26,CLE,63,1663,18.4,.584,.202,.295,10.0,23.9,16.6,17.7,2.7,1.9,15.7,15.5,,3.0,1.5,4.5,.129,,1.4,2.5,3.9,2.5"
"368,Shabazz Napier\napiesh01,PG,27,BRK,55,953,15.1,.532,.514,.330,1.7,8.8,5.3,22.2,2.0,1.3,12.1,24.0,,0.8,1.0,1.8,.091,,0.1,-1.2,-1.0,0.2"
"369,Raul Neto\netora01,PG,26,UTA,36,452,13.6,.564,.375,.191,1.5,12.7,7.2,29.0,1.5,0.5,16.7,18.7,,0.5,0.6,1.1,.121,,-0.8,-0.6,-1.4,0.1"
"370,Georges Niang\niangge01,PF,25,UTA,54,381,12.0,.589,.625,.125,2.3,17.6,10.1,9.3,0.9,0.6,10.0,17.9,,0.4,0.5,0.9,.109,,-0.8,-1.0,-1.8,0.0"
"371,Joakim Noah\noahjo01,C,33,MEM,42,693,18.6,.571,.005,.512,9.2,29.9,19.3,20.6,1.4,4.3,16.1,20.1,,1.0,1.2,2.2,.152,,-1.9,3.5,1.6,0.6"
"372,Nerlens Noel\noelne01,C,24,OKC,72,991,19.2,.599,.000,.282,12.0,20.6,16.2,5.7,2.9,7.5,12.2,13.8,,1.8,2.3,4.1,.198,,-1.8,5.3,3.6,1.4"
"373,Dirk Nowitzki\nowitdi01,PF,40,DAL,46,672,9.3,.476,.576,.153,0.6,19.0,9.9,6.2,0.6,2.0,4.5,21.1,,-0.3,0.6,0.3,.024,,-3.5,-1.9,-5.5,-0.6"
"374,Frank Ntilikina\ntilila01,PG,20,NYK,43,904,6.0,.417,.408,.106,1.4,9.0,5.1,19.4,1.6,1.3,15.9,16.5,,-1.2,0.4,-0.8,-0.045,,-4.4,-1.2,-5.5,-0.8"
"375,James Nunnally\nunnaja01,SF,28,TOT,15,102,7.3,.503,.735,.118,0.0,5.3,2.6,9.5,0.5,0.0,2.7,15.3,,0.1,0.0,0.1,.035,,-1.6,-4.9,-6.5,-0.1"
"375,James Nunnally\nunnaja01,SF,28,MIN,13,64,12.1,.593,.619,.190,0.0,6.7,3.3,10.9,0.7,0.0,4.2,15.6,,0.1,0.0,0.1,.098,,0.3,-4.5,-4.2,0.0"
"375,James Nunnally\nunnaja01,SF,28,HOU,2,38,-0.8,.346,.923,.000,0.0,3.0,1.5,7.3,0.0,0.0,0.0,14.9,,-0.1,0.0,-0.1,-0.071,,-4.9,-5.4,-10.4,-0.1"
"376,Jusuf Nurkic\nurkiju01,C,24,POR,72,1974,23.4,.570,.035,.442,13.4,26.7,20.2,17.9,1.7,4.2,14.6,24.7,,4.5,3.3,7.8,.189,,1.5,3.6,5.1,3.5"
"377,David Nwaba\nwabada01,SG,26,CLE,47,908,12.8,.563,.298,.339,4.2,13.7,8.7,8.0,1.9,1.6,7.6,14.5,,1.2,0.3,1.5,.078,,-0.8,-0.5,-1.2,0.2"
"378,Royce O'Neale\onealro01,SF,25,UTA,77,1515,9.4,.599,.502,.130,1.5,16.9,9.3,10.0,1.6,1.2,16.1,11.2,,0.8,2.3,3.1,.100,,-1.9,2.2,0.3,0.9"
"379,Kyle O'Quinn\oquinky01,C,28,IND,42,351,16.5,.545,.090,.156,8.8,26.7,17.9,22.2,1.3,5.8,18.7,20.0,,0.2,0.7,0.9,.128,,-2.4,4.2,1.8,0.3"
"380,Semi Ojeleye\ojelese01,PF,24,BOS,53,545,8.4,.548,.584,.255,4.3,11.4,7.8,4.6,0.8,0.7,11.1,13.5,,0.2,0.4,0.7,.059,,-2.5,-1.7,-4.1,-0.3"
"381,Jahlil Okafor\okafoja01,C,23,NOP,55,815,17.7,.598,.010,.259,9.3,21.6,15.5,5.9,0.7,3.6,10.9,19.4,,1.2,0.8,2.0,.117,,-1.9,-0.6,-2.5,-0.1"
"382,Elie Okobo\okoboel01,PG,21,PHO,49,858,6.9,.472,.461,.164,1.4,10.6,6.0,18.8,1.6,0.6,18.4,16.8,,-0.8,0.2,-0.6,-0.034,,-4.1,-2.1,-6.1,-0.9"
"383,Josh Okogie\okogijo01,SG,20,MIN,69,1638,9.4,.495,.431,.327,2.6,11.2,6.9,6.8,2.3,1.6,10.3,15.7,,-0.1,1.2,1.1,.033,,-2.0,0.2,-1.8,0.1"
"384,Victor Oladipo\oladivi01,SG,26,IND,36,1147,17.7,.519,.367,.240,2.1,17.2,9.8,25.2,2.6,0.9,11.2,27.9,,0.5,1.9,2.4,.099,,1.3,1.0,2.3,1.2"
"385,Kelly Olynyk\olynyke01,PF,27,MIA,74,1707,14.7,.609,.564,.336,4.4,17.8,11.1,11.8,1.5,1.6,14.9,18.3,,2.3,2.3,4.6,.130,,0.6,0.6,1.2,1.4"
"386,Cedi Osman\osmande01,SF,23,CLE,72,2310,11.3,.533,.444,.217,1.7,15.1,8.1,12.4,1.2,0.4,11.1,18.6,,1.0,0.3,1.3,.026,,-0.6,-1.6,-2.2,-0.1"
"387,Kelly Oubre\oubreke01,SF,23,TOT,69,1935,15.2,.551,.401,.290,4.0,14.6,9.2,6.8,2.1,2.5,9.8,23.3,,0.9,1.4,2.2,.056,,-0.9,-1.2,-2.1,-0.1"
"387,Kelly Oubre\oubreke01,SF,23,WAS,29,755,13.3,.545,.433,.279,3.4,15.3,9.3,3.8,1.7,2.2,8.1,20.9,,0.3,0.5,0.8,.054,,-1.8,-1.8,-3.6,-0.3"
"387,Kelly Oubre\oubreke01,SF,23,PHO,40,1180,16.4,.555,.384,.296,4.4,14.2,9.2,8.8,2.3,2.7,10.7,24.7,,0.6,0.8,1.4,.057,,-0.4,-0.8,-1.2,0.2"
"388,Zaza Pachulia\pachuza01,C,34,DET,64,834,13.7,.537,.022,.628,11.8,21.6,16.5,14.7,1.8,1.7,18.5,14.8,,1.0,1.2,2.2,.128,,-2.0,2.5,0.5,0.5"
"389,Jabari Parker\parkeja01,PF,23,TOT,63,1712,15.7,.563,.259,.245,5.0,21.8,13.3,14.1,1.3,1.5,15.3,24.6,,0.2,1.3,1.5,.043,,-1.3,-0.6,-1.9,0.0"
"389,Jabari Parker\parkeja01,PF,23,CHI,39,1042,14.6,.543,.246,.233,4.2,21.1,12.6,13.3,1.1,1.2,14.1,25.0,,-0.2,0.7,0.5,.024,,-1.9,-1.0,-3.0,-0.3"
"389,Jabari Parker\parkeja01,PF,23,WAS,24,670,17.4,.595,.282,.264,6.1,22.7,14.3,15.5,1.6,1.9,17.2,23.9,,0.4,0.6,1.0,.071,,-0.4,0.1,-0.3,0.3"
"390,Tony Parker\parketo01,PG,36,CHO,56,1003,15.4,.512,.110,.268,1.5,7.6,4.5,33.4,1.0,0.6,12.7,25.4,,0.6,0.3,0.9,.045,,-1.5,-3.8,-5.2,-0.8"
"391,Chandler Parsons\parsoch01,SF,30,MEM,21,391,8.0,.475,.536,.136,0.8,16.2,8.3,11.8,2.0,0.7,13.9,19.7,,-0.5,0.5,-0.1,-0.008,,-4.2,-0.6,-4.8,-0.3"
"392,Patrick Patterson\pattepa01,PF,29,OKC,61,854,8.3,.495,.624,.138,4.8,13.0,8.8,4.7,0.9,1.3,8.3,12.0,,0.3,0.9,1.2,.066,,-3.0,-0.6,-3.6,-0.3"
"393,Justin Patton\pattoju01,C,21,PHI,3,21,10.5,.317,.286,.286,10.4,19.6,15.1,18.8,4.5,0.0,0.0,15.7,,0.0,0.0,0.0,.080,,-2.3,2.2,-0.1,0.0"
"394,Chris Paul\paulch01,PG,33,HOU,53,1719,19.3,.557,.487,.300,2.1,13.8,7.8,38.8,2.9,0.8,16.1,22.4,,3.9,1.9,5.8,.161,,2.6,-0.1,2.5,2.0"
"395,Cameron Payne\payneca01,PG,24,TOT,40,712,11.6,.519,.377,.184,2.0,9.3,5.5,21.8,1.9,1.1,15.7,17.5,,0.1,0.3,0.5,.031,,-1.9,-1.6,-3.5,-0.3"
"395,Cameron Payne\payneca01,PG,24,CHI,31,536,10.3,.492,.351,.149,2.0,8.8,5.4,22.4,1.8,1.0,16.0,17.4,,-0.1,0.3,0.2,.014,,-2.7,-1.6,-4.3,-0.3"
"395,Cameron Payne\payneca01,PG,24,CLE,9,176,15.3,.596,.455,.291,1.8,10.5,6.0,20.0,2.3,1.5,15.1,18.1,,0.2,0.1,0.3,.083,,0.5,-1.5,-1.0,0.0"
"396,Elfrid Payton\paytoel01,PG,24,NOP,38,1113,14.2,.506,.243,.183,4.5,14.1,9.4,33.1,1.7,1.0,20.0,18.3,,0.7,0.8,1.4,.062,,-0.6,0.0,-0.6,0.4"
"397,Gary Payton\paytoga02,PG,26,WAS,3,16,37.0,.688,.250,.000,6.7,6.9,6.8,45.2,8.9,5.3,11.1,23.9,,0.1,0.0,0.1,.359,,9.8,5.2,15.0,0.1"
"398,Theo Pinson\pinsoth01,SG,23,BRK,17,192,8.9,.509,.636,.333,1.1,16.4,8.8,14.1,1.2,0.0,16.5,19.9,,-0.1,0.2,0.1,.022,,-3.3,-1.4,-4.7,-0.1"
"399,Mason Plumlee\plumlma01,C,28,DEN,76,1581,18.1,.613,.020,.461,10.6,22.5,16.5,19.1,1.8,3.9,19.9,16.4,,2.7,2.6,5.3,.161,,0.0,3.7,3.7,2.3"
"400,Miles Plumlee\plumlmi01,C,30,ATL,18,173,18.9,.654,.000,.625,9.6,14.3,11.9,14.7,1.6,2.0,14.0,16.8,,0.4,0.1,0.5,.147,,0.2,-0.2,0.0,0.1"
"401,Jakob Poeltl\poeltja01,C,23,SAS,72,1176,19.2,.634,.000,.325,15.4,20.0,17.7,10.0,1.0,4.5,13.2,13.3,,3.1,1.4,4.6,.187,,1.3,2.5,3.8,1.7"
"402,Quincy Pondexter\pondequ01,SF,30,SAS,49,267,13.5,.627,.327,.691,3.3,14.6,9.0,11.6,1.6,0.3,12.2,13.5,,0.5,0.2,0.7,.133,,-0.5,-0.8,-1.3,0.0"
"403,Otto Porter\porteot01,SF,25,TOT,56,1683,15.9,.569,.398,.149,3.4,17.0,10.1,10.6,2.3,1.6,8.7,19.1,,1.8,1.5,3.3,.093,,0.4,0.1,0.5,1.1"
"403,Otto Porter\porteot01,SF,25,WAS,41,1191,15.0,.551,.398,.145,3.6,17.7,10.5,9.6,2.5,1.6,7.8,18.2,,1.0,1.1,2.1,.085,,-0.2,0.4,0.2,0.6"
"403,Otto Porter\porteot01,SF,25,CHI,15,492,18.0,.609,.398,.159,3.1,15.5,9.2,13.1,1.8,1.6,10.4,21.3,,0.8,0.4,1.1,.112,,1.8,-0.5,1.3,0.4"
"404,Bobby Portis\portibo01,PF,23,TOT,46,1191,15.9,.532,.302,.159,8.5,25.2,16.7,8.7,1.3,1.3,10.1,24.6,,0.4,1.0,1.4,.058,,-1.4,-1.7,-3.1,-0.3"
"404,Bobby Portis\portibo01,PF,23,CHI,22,531,17.2,.529,.266,.185,9.4,23.9,16.5,9.3,1.0,1.3,9.0,26.5,,0.3,0.4,0.7,.063,,-0.8,-2.2,-3.1,-0.1"
"404,Bobby Portis\portibo01,PF,23,WAS,24,660,14.9,.534,.334,.136,7.8,26.2,16.9,8.2,1.5,1.3,11.1,23.2,,0.1,0.6,0.7,.054,,-1.8,-1.3,-3.1,-0.2"
"405,Dwight Powell\poweldw01,C,27,DAL,73,1550,20.1,.676,.268,.499,8.7,17.3,13.1,10.7,1.3,2.5,10.3,17.3,,5.0,1.7,6.7,.209,,2.6,1.2,3.7,2.2"
"406,Norman Powell\powelno01,SG,25,TOR,56,1053,13.1,.588,.429,.184,1.7,11.2,6.6,11.8,1.7,1.0,13.3,19.1,,0.9,1.3,2.1,.096,,-0.5,-0.4,-0.8,0.3"
"407,Alex Poythress\poythal01,PF,25,ATL,21,305,12.2,.571,.284,.358,9.9,16.6,13.2,7.7,0.6,2.8,12.2,14.3,,0.4,0.2,0.6,.088,,-1.6,-0.6,-2.2,0.0"
"408,Zhou Qi\qizh01,PF,23,HOU,1,1,80.8,1.000,.000,.000,0.0,0.0,0.0,0.0,0.0,0.0,0.0,43.5,,0.0,0.0,0.0,1.263,,22.2,-12.7,9.5,0.0"
"409,Ivan Rabb\rabbiv01,PF,21,MEM,44,575,16.7,.601,.060,.329,11.3,21.4,16.2,11.6,1.1,2.2,12.8,17.0,,1.0,0.7,1.8,.147,,-1.1,0.7,-0.4,0.2"
"410,Chasson Randle\randlch01,PG,25,WAS,45,653,9.6,.557,.505,.277,1.6,6.7,4.2,17.3,1.6,0.3,15.9,16.3,,0.3,0.2,0.5,.037,,-1.6,-2.9,-4.5,-0.4"
"411,Julius Randle\randlju01,PF,24,NOP,71,2160,20.8,.599,.180,.447,7.5,21.6,14.6,15.8,1.1,1.7,13.7,27.6,,4.1,1.8,5.9,.132,,1.8,-0.3,1.4,1.9"
"412,J.J. Redick\redicjj01,SG,34,PHI,73,2290,14.5,.595,.589,.246,0.9,7.1,4.1,13.0,0.6,0.5,8.4,21.7,,4.1,1.2,5.3,.111,,2.3,-3.2,-0.9,0.6"
"413,Davon Reed\reedda01,SG,23,IND,8,22,7.9,.625,.250,.000,5.2,4.9,5.1,11.8,0.0,0.0,20.0,9.9,,0.0,0.0,0.0,.069,,-2.6,-2.3,-4.9,0.0"
"414,Cameron Reynolds\reynoca01,SG,23,MIN,14,179,10.2,.536,.627,.137,2.4,9.0,5.7,7.5,1.3,1.0,1.8,12.9,,0.2,0.1,0.3,.080,,-0.2,-1.9,-2.1,0.0"
"415,Josh Richardson\richajo01,SG,25,MIA,72,2523,14.0,.536,.447,.226,2.3,8.8,5.5,17.9,1.5,1.2,9.2,21.0,,3.0,2.6,5.6,.106,,1.0,-0.5,0.5,1.6"
"416,Malachi Richardson\richama01,SG,23,TOR,22,103,0.9,.481,.862,.172,2.2,11.2,6.8,0.0,0.5,0.0,20.4,16.3,,-0.2,0.1,-0.1,-0.060,,-6.2,-4.5,-10.7,-0.2"
"417,Austin Rivers\riverau01,SG,26,TOT,71,1907,7.6,.504,.571,.170,1.5,7.5,4.4,11.4,1.1,1.0,10.4,14.5,,0.3,0.7,1.0,.024,,-2.0,-1.6,-3.6,-0.8"
"417,Austin Rivers\riverau01,SG,26,WAS,29,683,6.8,.490,.546,.237,1.7,9.7,5.6,11.3,1.2,1.2,14.4,15.6,,-0.4,0.2,-0.2,-0.014,,-3.0,-1.5,-4.5,-0.4"
"417,Austin Rivers\riverau01,SG,26,HOU,42,1224,8.0,.513,.585,.132,1.3,6.3,3.8,11.4,1.0,0.8,7.9,13.9,,0.7,0.5,1.2,.046,,-1.5,-1.6,-3.1,-0.3"
"418,Devin Robinson\robinde01,SF,23,WAS,4,32,26.1,.607,.000,.462,6.7,17.2,11.9,10.1,4.4,2.6,0.0,20.7,,0.1,0.0,0.1,.223,,1.4,1.1,2.4,0.0"
"419,Duncan Robinson\robindu01,PF,24,MIA,13,114,5.0,.465,.813,.094,0.0,12.1,6.1,2.4,1.3,0.0,5.7,13.3,,-0.1,0.1,0.0,.020,,-4.1,-2.1,-6.2,-0.1"
"420,Glenn Robinson\robingl02,SF,25,DET,44,567,8.6,.512,.353,.228,3.2,8.8,5.9,4.9,1.0,1.0,8.9,15.3,,0.1,0.5,0.6,.049,,-3.4,-1.1,-4.5,-0.4"
"421,Jerome Robinson\robinje01,SG,21,LAC,29,265,7.1,.484,.527,.077,1.2,11.2,6.4,7.3,1.4,0.9,6.9,16.1,,-0.1,0.2,0.1,.025,,-2.5,-1.7,-4.2,-0.1"
"422,Mitchell Robinson\robinmi01,C,20,NYK,61,1203,22.4,.687,.000,.479,13.8,19.1,16.4,4.6,1.9,10.6,9.3,12.2,,3.6,1.9,5.5,.219,,0.7,5.6,6.4,2.5"
"423,Rajon Rondo\rondora01,PG,32,LAL,43,1267,12.5,.483,.321,.082,2.7,15.3,9.1,35.9,1.9,0.4,22.2,17.0,,0.1,1.4,1.5,.057,,-1.8,0.3,-1.5,0.2"
"424,Derrick Rose\rosede01,PG,30,MIN,51,1392,19.5,.557,.194,.212,2.5,8.3,5.4,26.4,1.1,0.7,9.1,27.3,,2.7,0.3,3.0,.104,,2.4,-3.0,-0.6,0.5"
"425,Terrence Ross\rosste01,SG,27,ORL,77,2043,14.3,.544,.542,.131,1.3,12.8,6.9,9.5,1.6,1.1,7.6,23.7,,0.8,2.4,3.2,.076,,0.2,-1.3,-1.1,0.4"
"426,Terry Rozier\roziete01,PG,24,BOS,75,1715,12.9,.496,.503,.139,1.9,16.5,9.2,17.7,1.9,1.0,8.6,18.6,,0.8,2.2,3.0,.084,,-1.0,0.3,-0.7,0.6"
"427,Ricky Rubio\rubiori01,PG,28,UTA,67,1894,14.0,.520,.348,.307,1.9,11.7,6.9,32.2,2.3,0.4,17.8,22.7,,0.9,2.8,3.8,.095,,-0.6,0.6,0.0,1.0"
"428,D'Angelo Russell\russeda01,PG,22,BRK,77,2333,19.0,.527,.418,.136,2.2,11.0,6.6,41.4,2.0,0.6,13.7,32.1,,1.8,2.4,4.2,.087,,3.6,-0.6,3.0,2.9"
"429,Domantas Sabonis\sabondo01,C,22,IND,71,1758,22.0,.630,.024,.432,11.6,29.7,20.9,18.2,1.3,1.5,16.2,23.5,,4.2,3.2,7.3,.201,,1.5,2.2,3.7,2.6"
"430,Brandon Sampson\sampsbr01,SG,21,CHI,10,130,6.7,.544,.514,.114,0.8,7.6,4.2,6.6,1.5,1.3,19.7,15.4,,-0.1,0.1,-0.1,-0.027,,-4.2,-1.6,-5.9,-0.1"
"431,JaKarr Sampson\sampsja02,G-F,25,CHI,1,30,29.8,.870,.200,.600,0.0,25.7,12.7,0.0,1.6,2.9,7.3,19.9,,0.1,0.0,0.2,.291,,1.7,-4.6,-2.8,0.0"
"432,Dario Saric\saricda01,PF,24,TOT,76,1878,12.8,.560,.460,.217,6.7,17.4,12.1,8.6,1.1,0.4,11.8,17.5,,2.0,1.2,3.1,.080,,0.1,-1.3,-1.2,0.4"
"432,Dario Saric\saricda01,PF,24,PHI,13,396,8.1,.496,.530,.227,5.8,16.9,11.5,9.0,0.5,0.6,14.7,18.0,,-0.1,0.3,0.2,.024,,-2.4,-1.4,-3.8,-0.2"
"432,Dario Saric\saricda01,PF,24,MIN,63,1482,14.0,.578,.442,.214,7.0,17.6,12.2,8.5,1.3,0.3,11.1,17.4,,2.1,0.9,2.9,.095,,0.8,-1.3,-0.5,0.6"
"433,Tomas Satoransky\satorto01,PG,27,WAS,76,2054,14.2,.592,.304,.294,4.1,10.1,7.1,24.8,1.8,0.5,16.6,14.0,,3.7,0.9,4.6,.107,,0.5,-0.9,-0.4,0.8"
"434,Dennis Schroder\schrode01,PG,25,OKC,74,2153,12.5,.502,.320,.205,1.6,11.2,6.3,21.0,1.3,0.5,12.5,24.4,,0.1,2.2,2.4,.053,,-1.9,-1.4,-3.3,-0.7"
"435,Mike Scott\scottmi01,PF,30,TOT,75,1288,8.4,.518,.602,.084,3.5,17.2,10.6,6.7,1.0,0.7,9.8,14.7,,0.2,1.1,1.3,.050,,-1.7,-1.1,-2.8,-0.3"
"435,Mike Scott\scottmi01,PF,30,LAC,52,748,9.4,.521,.578,.078,3.5,20.6,12.3,8.1,1.1,0.8,10.2,15.0,,0.2,0.7,0.9,.058,,-1.5,-0.7,-2.2,0.0"
"435,Mike Scott\scottmi01,PF,30,PHI,23,540,7.0,.513,.636,.093,3.4,12.6,8.1,4.7,0.8,0.6,9.2,14.4,,0.0,0.4,0.4,.037,,-1.9,-1.6,-3.6,-0.2"
"436,Thabo Sefolosha\sefolth01,SF,34,UTA,45,496,12.6,.621,.542,.167,1.3,21.7,11.7,5.6,3.5,0.8,14.6,13.0,,0.2,1.0,1.3,.123,,-2.0,2.7,0.7,0.3"
"437,Wayne Selden\seldewa01,SG,24,TOT,71,1362,8.5,.499,.360,.199,2.8,10.1,6.4,11.0,1.2,0.9,13.2,18.3,,-0.8,0.7,-0.1,-0.003,,-3.3,-1.6,-4.9,-1.0"
"437,Wayne Selden\seldewa01,SG,24,MEM,32,455,8.8,.495,.391,.180,3.9,7.1,5.4,12.4,1.1,1.3,11.7,19.3,,-0.2,0.3,0.1,.015,,-3.2,-2.0,-5.1,-0.4"
"437,Wayne Selden\seldewa01,SG,24,CHI,39,907,8.4,.502,.342,.209,2.3,11.7,6.9,10.3,1.2,0.7,14.0,17.9,,-0.6,0.4,-0.2,-0.012,,-3.4,-1.5,-4.9,-0.6"
"438,Collin Sexton\sextoco01,PG,20,CLE,78,2457,11.9,.518,.237,.216,2.5,8.3,5.3,14.9,0.8,0.2,12.2,25.3,,-0.1,-0.5,-0.6,-0.012,,-1.6,-3.6,-5.1,-1.9"
"439,Landry Shamet\shamela01,SG,21,TOT,75,1689,11.0,.602,.713,.161,1.2,6.3,3.8,8.5,1.0,0.4,6.6,15.0,,2.5,0.9,3.4,.098,,1.4,-2.3,-0.9,0.5"
"439,Landry Shamet\shamela01,SG,21,PHI,54,1108,10.7,.606,.706,.156,1.4,5.9,3.7,7.4,1.0,0.6,6.6,15.0,,1.6,0.7,2.2,.097,,1.0,-2.4,-1.4,0.2"
"439,Landry Shamet\shamela01,SG,21,LAC,21,581,11.4,.596,.728,.172,0.9,6.9,4.0,10.7,1.1,0.1,6.7,15.1,,0.9,0.3,1.2,.099,,2.2,-2.2,0.0,0.3"
"440,Iman Shumpert\shumpim01,SG,28,TOT,59,1416,9.1,.497,.607,.096,2.0,11.4,6.6,10.3,2.0,1.4,9.9,14.5,,0.1,1.3,1.4,.047,,-1.5,0.3,-1.2,0.3"
"440,Iman Shumpert\shumpim01,SG,28,SAC,42,1099,10.1,.511,.580,.118,1.7,10.5,6.0,10.7,2.0,1.6,9.4,15.2,,0.3,1.0,1.3,.057,,-0.8,0.4,-0.4,0.4"
"440,Iman Shumpert\shumpim01,SG,28,HOU,17,317,5.9,.430,.722,.000,2.7,14.4,8.4,8.8,1.9,0.8,12.2,12.3,,-0.2,0.3,0.1,.011,,-3.7,0.0,-3.7,-0.1"
"441,Pascal Siakam\siakapa01,PF,24,TOR,76,2429,18.6,.623,.219,.323,5.4,17.4,11.6,14.6,1.4,1.8,12.5,20.7,,5.3,3.4,8.7,.172,,1.9,1.5,3.3,3.3"
"442,Jordan Sibert\siberjo01,SG,26,ATL,1,4,29.8,1.500,1.000,.000,0.0,0.0,0.0,0.0,0.0,0.0,0.0,10.2,,0.0,0.0,0.0,.184,,13.0,-6.7,6.3,0.0"
"443,Ben Simmons\simmobe01,PG,22,PHI,75,2583,20.2,.586,.007,.451,6.9,20.2,13.7,34.6,1.9,1.8,19.3,22.1,,4.6,3.5,8.1,.150,,1.5,2.6,4.2,4.0"
"444,Jonathon Simmons\simmojo02,SG-SF,29,TOT,54,1008,7.6,.451,.291,.284,2.7,9.7,6.2,15.9,1.2,1.2,14.8,18.6,,-1.0,1.0,0.0,-0.001,,-4.6,-0.6,-5.3,-0.8"
"444,Jonathon Simmons\simmojo02,SG,29,ORL,41,845,7.4,.445,.290,.252,2.9,9.9,6.3,15.9,1.0,1.4,15.0,19.3,,-1.0,0.8,-0.2,-0.011,,-4.9,-0.5,-5.5,-0.7"
"444,Jonathon Simmons\simmojo02,SF,29,PHI,13,163,8.6,.488,.293,.512,2.0,8.8,5.5,16.2,2.3,0.0,13.7,15.0,,0.0,0.2,0.2,.053,,-3.2,-1.1,-4.3,-0.1"
"445,Kobi Simmons\simmoko01,PG,21,CLE,1,2,0.0,,,,0.0,0.0,0.0,0.0,0.0,0.0,,0.0,,0.0,0.0,0.0,-0.032,,-6.3,-0.9,-7.2,0.0"
"446,Anfernee Simons\simonan01,SG,19,POR,17,82,1.5,.423,.378,.270,0.0,8.9,4.5,7.0,0.0,0.0,16.2,25.4,,-0.3,0.0,-0.3,-0.152,,-8.4,-5.1,-13.5,-0.2"
"447,Marcus Smart\smartma01,SG,24,BOS,77,2123,13.2,.568,.608,.223,2.8,8.6,5.7,19.2,3.1,1.1,16.1,14.6,,2.3,2.9,5.2,.118,,0.6,1.2,1.8,2.1"
"448,Dennis Smith\smithde03,PG,21,TOT,51,1447,12.4,.501,.315,.244,2.3,8.9,5.6,27.2,2.2,1.2,17.6,24.5,,-1.1,1.2,0.1,.005,,-1.6,-0.7,-2.4,-0.1"
"448,Dennis Smith\smithde03,PG,21,DAL,32,908,11.5,.527,.350,.230,2.2,9.2,5.7,24.2,2.1,1.0,20.3,23.4,,-0.7,0.9,0.2,.012,,-2.1,-0.3,-2.4,-0.1"
"448,Dennis Smith\smithde03,PG,21,NYK,19,539,13.7,.465,.267,.264,2.6,8.2,5.4,32.2,2.3,1.4,13.5,26.3,,-0.4,0.3,-0.1,-0.006,,-0.9,-1.5,-2.4,-0.1"
"449,Ish Smith\smithis01,PG,30,DET,51,1130,11.4,.481,.280,.122,2.1,11.1,6.4,24.6,1.2,0.8,11.0,19.7,,0.4,1.0,1.4,.058,,-1.9,-0.8,-2.7,-0.2"
"450,J.R. Smith\smithjr01,SG,33,CLE,11,222,7.8,.444,.494,.127,0.0,9.4,4.5,13.8,2.5,1.2,11.7,18.6,,-0.3,0.1,-0.2,-0.037,,-3.4,-1.7,-5.1,-0.2"
"451,Jason Smith\smithja02,PF-C,32,TOT,20,190,9.8,.492,.441,.271,9.0,20.2,14.6,9.7,0.7,3.1,16.4,17.5,,0.0,0.2,0.2,.039,,-3.7,-0.5,-4.2,-0.1"
"451,Jason Smith\smithja02,C,32,WAS,12,130,11.7,.520,.270,.324,9.1,22.0,15.5,12.3,0.4,3.2,14.2,16.1,,0.1,0.1,0.2,.071,,-2.9,-0.2,-3.1,0.0"
"451,Jason Smith\smithja02,PF,32,MIL,6,40,6.3,.468,.692,.154,8.1,19.2,14.0,3.1,2.3,4.2,26.5,19.8,,-0.1,0.1,0.0,-0.018,,-6.9,1.2,-5.6,0.0"
"451,Jason Smith\smithja02,C,32,NOP,2,20,4.6,.405,.778,.222,10.5,10.3,10.4,6.2,0.0,0.0,9.2,22.3,,0.0,0.0,0.0,-0.047,,-2.6,-5.8,-8.4,0.0"
"452,Zhaire Smith\smithzh01,SG,19,PHI,2,15,13.2,.750,.500,.000,0.0,6.9,3.5,8.5,3.1,5.2,0.0,5.6,,0.0,0.0,0.1,.163,,-0.5,3.0,2.5,0.0"
"453,Tony Snell\snellto01,SF,27,MIL,74,1304,10.7,.585,.565,.116,2.4,9.4,6.1,6.7,0.9,1.2,5.7,13.0,,1.6,1.6,3.2,.120,,-0.6,-0.3,-1.0,0.3"
"454,Ray Spalding\spaldra01,PF,21,TOT,10,70,4.9,.409,.059,.176,7.8,25.7,16.7,5.9,1.4,3.6,24.7,14.9,,-0.2,0.1,-0.1,-0.066,,-9.1,0.7,-8.4,-0.1"
"454,Ray Spalding\spaldra01,PF,21,DAL,1,1,0.0,,,,0.0,0.0,0.0,0.0,0.0,0.0,,0.0,,0.0,0.0,0.0,.000,,-6.6,0.5,-6.0,0.0"
"454,Ray Spalding\spaldra01,PF,21,PHO,9,69,5.0,.409,.059,.176,7.9,26.1,16.9,6.0,1.4,3.6,24.7,15.1,,-0.2,0.1,-0.1,-0.067,,-9.1,0.7,-8.4,-0.1"
"455,Omari Spellman\spellom01,PF,21,ATL,46,805,12.4,.516,.525,.184,9.3,16.3,12.7,8.0,1.5,2.7,10.5,14.9,,0.6,0.6,1.2,.072,,-1.0,0.1,-1.0,0.2"
"456,Nik Stauskas\stausni01,SG,25,TOT,65,977,11.2,.547,.561,.183,2.0,11.6,6.8,11.4,1.0,0.6,12.1,17.6,,0.7,0.5,1.1,.056,,-0.8,-2.2,-3.0,-0.2"
"456,Nik Stauskas\stausni01,SG,25,POR,44,673,10.8,.545,.546,.157,1.6,10.8,6.3,12.7,1.0,0.5,14.0,17.9,,0.3,0.4,0.8,.054,,-0.9,-1.9,-2.8,-0.1"
"456,Nik Stauskas\stausni01,SG,25,CLE,21,304,12.1,.552,.596,.242,2.8,13.3,7.8,8.6,1.0,0.9,7.6,17.0,,0.4,0.0,0.4,.061,,-0.3,-2.9,-3.2,-0.1"
"457,D.J. Stephens\stephdj01,SG,28,MEM,1,7,5.5,.500,.000,.000,0.0,0.0,0.0,0.0,7.1,0.0,33.3,19.2,,0.0,0.0,0.0,-0.117,,-9.9,2.3,-7.6,0.0"
"458,Lance Stephenson\stephla01,SG,28,LAL,66,1078,12.2,.531,.444,.175,3.1,16.7,10.1,17.3,1.7,0.5,15.3,20.4,,0.0,1.2,1.2,.053,,-1.7,-0.4,-2.1,0.0"
"459,Edmond Sumner\sumneed01,PG,23,IND,20,174,4.9,.378,.408,.245,4.6,8.1,6.4,6.7,2.5,2.6,12.8,15.7,,-0.3,0.3,-0.1,-0.021,,-5.6,1.1,-4.5,-0.1"
"460,Caleb Swanigan\swanica01,PF,21,POR,18,145,3.1,.372,.114,.159,9.8,28.0,19.1,6.2,1.3,0.0,25.4,18.4,,-0.4,0.2,-0.3,-0.086,,-8.9,-0.7,-9.6,-0.3"
"461,Jayson Tatum\tatumja01,SF,20,BOS,76,2376,15.2,.550,.304,.220,3.1,17.8,10.4,10.1,1.6,2.1,9.7,22.0,,1.7,3.2,5.0,.100,,-1.2,0.5,-0.7,0.8"
"462,Jeff Teague\teaguje01,PG,30,MIN,42,1264,15.4,.528,.252,.368,1.3,7.7,4.5,37.6,1.6,1.2,16.7,19.2,,1.7,0.5,2.3,.086,,0.1,-2.5,-2.4,-0.1"
"463,Garrett Temple\templga01,SG,32,TOT,71,1957,8.3,.538,.534,.205,1.5,10.3,5.8,7.4,1.8,1.4,11.5,13.2,,0.1,2.0,2.1,.051,,-1.9,0.6,-1.2,0.4"
"463,Garrett Temple\templga01,SG,32,MEM,49,1530,8.6,.551,.543,.196,1.3,10.1,5.6,6.7,1.6,1.6,11.4,13.9,,0.1,1.5,1.6,.051,,-1.9,0.5,-1.4,0.2"
"463,Garrett Temple\templga01,SG,32,LAC,22,427,7.1,.483,.494,.241,2.1,11.1,6.7,9.7,2.3,0.9,11.9,10.8,,0.0,0.4,0.5,.051,,-1.8,1.0,-0.8,0.1"
"464,Milos Teodosic\teodomi01,PG,31,LAC,15,150,6.5,.557,.675,.175,2.2,8.9,5.7,28.9,0.9,0.5,32.8,18.0,,-0.1,0.1,0.0,-0.015,,-2.9,-3.1,-6.0,-0.1"
"465,Jared Terrell\terreja01,SG,23,MIN,11,76,0.4,.377,.444,.074,1.4,4.3,2.8,12.2,1.9,1.1,22.3,19.8,,-0.3,0.0,-0.2,-0.154,,-7.8,-2.6,-10.4,-0.2"
"466,Emanuel Terry\terryem01,PF,22,TOT,3,23,19.7,.571,.000,.571,14.2,19.6,16.8,12.3,6.2,0.0,18.6,20.1,,0.0,0.0,0.1,.119,,-0.7,2.4,1.7,0.0"
"466,Emanuel Terry\terryem01,PF,22,PHO,2,20,19.9,.654,.000,.333,11.0,22.5,16.7,8.0,7.2,0.0,22.5,19.1,,0.0,0.0,0.1,.129,,-1.2,2.9,1.7,0.0"
"466,Emanuel Terry\terryem01,PF,22,MIA,1,3,18.5,.266,.000,2.000,35.6,0.0,17.8,40.6,0.0,0.0,0.0,26.9,,0.0,0.0,0.0,.047,,2.9,-1.4,1.5,0.0"
"467,Daniel Theis\theisda01,C,26,BOS,62,861,17.6,.634,.247,.298,10.4,16.5,13.4,10.7,1.1,4.1,10.3,16.1,,2.3,1.2,3.5,.194,,1.0,1.5,2.4,1.0"
"468,Isaiah Thomas\thomais02,SG,29,DEN,10,147,6.4,.451,.442,.247,3.7,5.2,4.4,17.0,1.0,0.6,16.6,29.7,,-0.4,0.1,-0.3,-0.087,,-4.8,-4.3,-9.1,-0.3"
"469,Khyri Thomas\thomakh01,SG,22,DET,24,189,7.3,.437,.538,.169,2.2,9.6,5.8,6.1,1.8,2.2,5.4,16.8,,-0.1,0.2,0.1,.025,,-3.9,-0.4,-4.3,-0.1"
"470,Lance Thomas\thomala01,PF,30,NYK,44,750,6.2,.483,.410,.180,2.9,12.7,7.6,5.2,1.0,0.8,10.8,12.6,,-0.2,0.3,0.1,.004,,-3.9,-1.2,-5.1,-0.6"
"471,Klay Thompson\thompkl01,SG,28,GSW,73,2508,17.0,.574,.425,.117,1.7,10.2,6.1,10.7,1.5,1.5,7.3,25.9,,3.0,2.1,5.1,.097,,1.4,-2.1,-0.7,0.8"
"472,Tristan Thompson\thomptr01,C,27,CLE,42,1176,18.5,.550,.000,.269,15.5,25.6,20.4,11.3,1.2,1.2,12.2,17.6,,2.1,0.5,2.6,.108,,0.3,0.2,0.5,0.7"
"473,Sindarius Thornwell\thornsi01,SG,24,LAC,60,283,4.9,.458,.313,.625,1.9,13.4,7.9,7.1,2.3,1.4,22.7,11.8,,-0.3,0.3,0.0,-0.002,,-5.3,1.1,-4.2,-0.2"
"474,Anthony Tolliver\tollian01,PF,33,MIN,60,992,8.9,.585,.839,.237,1.5,16.1,8.7,5.3,0.7,1.6,10.9,12.4,,0.7,0.5,1.2,.058,,-0.9,-1.3,-2.2,0.0"
"475,Karl-Anthony Towns\townska01,C,23,MIN,74,2446,26.4,.618,.277,.337,11.1,29.3,20.1,17.2,1.3,4.2,13.3,28.8,,7.1,3.1,10.2,.201,,5.0,1.9,6.9,5.5"
"476,Gary Trent\trentga02,SG,20,POR,13,55,0.7,.353,.500,.143,0.0,15.2,7.7,2.5,0.0,1.5,6.3,24.4,,-0.2,0.0,-0.2,-0.148,,-9.1,-5.2,-14.3,-0.2"
"477,Allonzo Trier\trieral01,SG,23,NYK,64,1459,12.2,.564,.255,.431,2.2,12.3,7.1,12.8,0.9,0.8,15.8,21.4,,0.5,0.5,0.9,.030,,-2.1,-2.0,-4.1,-0.8"
"478,P.J. Tucker\tuckepj01,PF,33,HOU,77,2671,9.2,.548,.738,.113,4.6,14.8,9.6,4.8,2.3,1.1,10.6,9.3,,1.9,2.7,4.6,.082,,-0.6,1.7,1.1,2.1"
"479,Evan Turner\turneev01,PG,30,POR,69,1519,10.9,.493,.115,.218,2.5,18.6,10.7,23.0,1.0,0.8,18.9,15.7,,0.2,1.4,1.6,.050,,-2.8,0.7,-2.2,-0.1"
"480,Myles Turner\turnemy01,C,22,IND,71,2048,17.9,.562,.251,.251,5.5,22.2,14.0,8.1,1.4,8.4,10.6,20.1,,1.7,4.4,6.0,.141,,-1.5,4.7,3.2,2.7"
"481,Ekpe Udoh\udohek01,C,31,UTA,46,251,18.6,.691,.000,.339,8.8,17.0,12.9,9.9,1.3,7.6,14.6,12.8,,0.6,0.5,1.1,.208,,-1.0,5.0,4.0,0.4"
"482,Tyler Ulis\ulisty01,PG,23,CHI,1,1,0.0,,,,0.0,0.0,0.0,0.0,0.0,0.0,,0.0,,0.0,0.0,0.0,-0.016,,-6.6,-0.4,-7.1,0.0"
"483,Jonas Valanciunas\valanjo01,C,26,TOT,49,1091,24.4,.616,.089,.344,10.7,31.5,21.2,12.0,0.8,4.4,12.7,28.5,,2.2,1.9,4.2,.184,,0.1,1.2,1.3,0.9"
"483,Jonas Valanciunas\valanjo01,C,26,TOR,30,564,24.4,.639,.116,.363,10.6,30.2,20.7,8.5,1.1,3.4,11.5,25.8,,1.6,1.0,2.6,.224,,0.5,0.5,1.0,0.4"
"483,Jonas Valanciunas\valanjo01,C,26,MEM,19,527,24.4,.594,.065,.326,10.9,32.9,21.7,15.8,0.6,5.4,13.8,31.4,,0.7,0.9,1.5,.141,,-0.3,2.0,1.7,0.5"
"484,Jarred Vanderbilt\vandeja01,PF,19,DEN,13,42,9.6,.352,.083,.417,15.4,31.0,23.2,6.1,3.5,2.1,22.0,18.5,,-0.1,0.1,0.0,-0.023,,-8.3,1.9,-6.4,0.0"
"485,Fred VanVleet\vanvlfr01,PG,24,TOR,60,1654,13.9,.542,.495,.190,1.4,8.7,5.2,24.0,1.5,0.9,11.2,17.9,,2.4,1.7,4.1,.119,,0.9,-0.7,0.1,0.9"
"486,Noah Vonleh\vonleno01,PF,23,NYK,68,1722,13.9,.561,.311,.355,6.7,26.1,16.1,11.1,1.3,2.5,14.7,14.8,,1.5,1.7,3.2,.089,,-1.5,1.6,0.1,0.9"
"487,Nikola Vucevic\vucevni01,C,28,ORL,77,2414,25.3,.570,.169,.164,9.2,32.1,20.5,22.2,1.6,3.0,9.8,27.9,,5.0,4.5,9.5,.189,,2.9,3.4,6.3,5.1"
"488,Dwyane Wade\wadedw01,SG,37,MIA,67,1726,15.5,.505,.257,.238,3.8,12.1,8.0,26.3,1.6,1.9,13.7,27.5,,0.0,2.1,2.0,.057,,-0.8,0.1,-0.7,0.6"
"489,Moritz Wagner\wagnemo01,C,21,LAL,38,355,10.8,.539,.485,.301,4.5,15.7,10.2,8.2,1.2,2.3,16.8,21.6,,-0.2,0.4,0.2,.028,,-3.4,-1.0,-4.5,-0.2"
"490,Dion Waiters\waitedi01,SG,27,MIA,39,1004,11.5,.532,.598,.102,0.7,10.5,5.6,17.0,1.4,0.7,12.4,21.0,,0.1,1.0,1.1,.052,,-0.4,-1.4,-1.8,0.1"
"491,Kemba Walker\walkeke02,PG,28,CHO,77,2683,21.1,.552,.436,.265,2.0,11.8,6.8,29.0,1.8,1.0,10.3,31.4,,4.6,1.8,6.3,.114,,4.7,-1.7,3.1,3.4"
"492,Lonnie Walker\walkelo01,SG,20,SAS,12,77,5.8,.359,.214,.214,0.0,16.9,8.5,6.6,3.8,2.2,11.5,19.8,,-0.2,0.1,-0.1,-0.071,,-8.4,1.2,-7.2,-0.1"
"493,John Wall\walljo01,PG,28,WAS,32,1104,18.1,.527,.306,.317,1.5,10.1,5.7,39.2,2.1,2.2,16.1,28.8,,0.5,0.7,1.2,.052,,1.0,-1.2,-0.2,0.5"
"494,Tyrone Wallace\wallaty01,PG,24,LAC,58,585,7.3,.447,.089,.272,3.8,13.2,8.6,9.4,1.6,0.9,12.1,18.6,,-0.7,0.5,-0.2,-0.014,,-5.3,-0.8,-6.1,-0.6"
"495,Taurean Waller-Prince\princta02,SF,24,ATL,51,1433,12.1,.584,.533,.190,1.5,12.5,6.9,11.3,1.6,1.1,14.4,19.4,,0.8,0.8,1.5,.052,,-0.4,-1.3,-1.7,0.1"
"496,Brad Wanamaker\wanambr01,PG,29,BOS,32,278,13.8,.606,.390,.244,1.1,11.2,6.2,21.6,1.9,0.3,15.8,16.7,,0.4,0.3,0.7,.128,,-1.0,-1.4,-2.4,0.0"
"497,T.J. Warren\warretj01,SF,25,PHO,43,1360,16.3,.580,.295,.203,2.5,11.8,7.1,7.8,1.8,1.8,7.2,22.6,,1.6,0.6,2.2,.077,,0.1,-1.7,-1.6,0.1"
"498,Julian Washburn\washbju01,SF,27,MEM,13,167,3.6,.273,.515,.121,4.6,15.1,9.8,6.5,2.4,0.6,10.3,10.4,,-0.3,0.2,-0.1,-0.029,,-6.6,1.1,-5.4,-0.1"
"499,Yuta Watanabe\watanyu01,SF,24,MEM,12,128,4.1,.378,.353,.294,1.7,19.8,10.5,6.7,1.2,0.7,11.5,15.2,,-0.3,0.1,-0.1,-0.046,,-7.9,-0.8,-8.7,-0.2"
"500,Thomas Welsh\welshth01,C,22,DEN,11,36,16.1,.648,.538,.154,0.0,12.1,6.0,20.5,0.0,0.0,6.7,17.6,,0.1,0.0,0.1,.164,,1.7,-4.4,-2.7,0.0"
"501,Russell Westbrook\westbru01,PG,30,OKC,68,2446,20.9,.500,.275,.309,4.1,28.1,15.7,45.5,2.6,1.1,16.4,31.2,,1.2,4.7,5.9,.116,,2.3,3.9,6.3,5.1"
"502,Derrick White\whitede01,PG,24,SAS,62,1600,14.5,.548,.263,.234,2.1,13.1,7.7,21.0,2.0,2.2,14.1,17.6,,1.4,1.7,3.2,.095,,-0.3,1.1,0.8,1.1"
"503,Okaro White\whiteok01,PF,26,WAS,3,6,-4.5,.000,1.000,.000,17.9,18.4,18.1,0.0,0.0,0.0,0.0,14.2,,0.0,0.0,0.0,-0.251,,-11.0,-8.2,-19.2,0.0"
"504,Hassan Whiteside\whiteha01,C,29,MIA,68,1602,23.0,.554,.025,.366,16.5,35.2,25.9,5.9,1.3,7.2,10.8,22.6,,2.1,3.7,5.8,.175,,-2.3,2.9,0.7,1.1"
"505,Andrew Wiggins\wiggian01,SF,23,MIN,68,2373,12.0,.486,.284,.249,3.6,11.5,7.5,10.4,1.3,1.7,9.3,24.4,,-0.8,1.2,0.3,.007,,-2.0,-1.3,-3.3,-0.7"
"506,Alan Williams\willial03,PF,26,BRK,4,22,32.7,.595,.100,.400,19.3,62.0,40.8,24.8,2.2,0.0,7.8,24.4,,0.1,0.1,0.1,.323,,3.5,3.7,7.3,0.1"
"507,C.J. Williams\willicj01,SG,28,MIN,13,92,6.7,.481,.444,.000,1.1,4.7,2.9,16.4,1.6,0.0,12.9,14.1,,0.0,0.0,0.0,.005,,-3.0,-3.3,-6.4,-0.1"
"508,Johnathan Williams\willijo04,C,23,LAL,19,264,11.5,.570,.014,.423,12.0,11.9,12.0,3.6,0.7,1.5,11.6,15.0,,0.3,0.2,0.5,.092,,-2.4,-1.2,-3.6,-0.1"
"509,Kenrich Williams\willike04,SF,24,NOP,42,955,8.8,.472,.552,.069,5.2,16.2,10.8,8.6,1.8,1.2,11.1,12.4,,0.0,0.8,0.8,.041,,-1.7,0.6,-1.1,0.2"
"510,Lou Williams\willilo02,SG,32,LAC,71,1885,21.7,.558,.256,.421,2.2,9.3,5.9,33.1,1.4,0.4,11.7,32.7,,4.0,1.2,5.2,.132,,3.4,-2.5,0.9,1.4"
"511,Marvin Williams\willima02,PF,32,CHO,75,2133,12.6,.548,.586,.132,3.8,17.1,10.3,6.2,1.6,2.5,6.4,14.8,,1.9,1.9,3.8,.086,,-0.1,0.5,0.4,1.3"
"512,Robert Williams\williro04,C,21,BOS,30,250,19.7,.719,.000,.304,10.2,19.3,14.8,3.2,1.5,13.2,14.7,10.5,,0.5,0.6,1.1,.209,,-2.1,7.0,4.8,0.4"
"513,Troy Williams\willitr02,SF,24,SAC,18,286,11.1,.550,.471,.172,3.2,16.9,9.9,4.6,1.6,2.4,7.9,14.7,,0.2,0.3,0.5,.080,,-2.0,0.0,-2.0,0.0"
"514,D.J. Wilson\wilsodj01,PF,22,MIL,44,775,9.8,.509,.512,.177,5.2,18.3,12.1,7.2,1.0,2.1,10.4,14.0,,0.2,1.3,1.5,.090,,-2.6,1.0,-1.6,0.1"
"515,Justise Winslow\winslju01,SF,22,MIA,61,1814,13.2,.517,.339,.191,3.5,16.0,9.8,22.1,1.8,0.8,14.8,20.8,,0.4,2.3,2.8,.073,,-0.8,0.9,0.1,1.0"
"516,Christian Wood\woodch01,PF,23,TOT,17,157,25.1,.635,.206,.544,6.8,25.5,16.4,4.8,2.1,4.2,7.7,24.1,,0.4,0.3,0.7,.216,,-0.2,-0.3,-0.5,0.1"
"516,Christian Wood\woodch01,PF,23,MIL,13,62,17.2,.585,.200,.600,7.0,24.8,16.4,4.6,0.0,0.0,8.7,23.4,,0.1,0.1,0.2,.149,,-3.4,-4.0,-7.4,-0.1"
"516,Christian Wood\woodch01,PF,23,NOP,4,95,30.3,.664,.209,.512,6.6,25.9,16.4,5.0,3.4,6.9,7.1,24.5,,0.3,0.2,0.5,.260,,1.9,2.1,4.0,0.1"
"517,Delon Wright\wrighde01,PG,26,TOT,70,1515,14.7,.514,.296,.252,4.5,11.4,7.9,19.5,2.6,1.6,11.0,17.9,,1.3,2.1,3.4,.109,,-0.5,1.3,0.9,1.1"
"517,Delon Wright\wrighde01,PG,26,TOR,49,897,14.5,.527,.307,.208,4.8,10.1,7.5,16.8,2.5,1.4,10.4,17.1,,1.1,1.2,2.3,.122,,-0.2,1.1,0.9,0.6"
"517,Delon Wright\wrighde01,PG,26,MEM,21,618,14.9,.498,.279,.314,4.1,13.2,8.6,23.5,2.8,1.9,11.8,19.0,,0.3,0.9,1.2,.090,,-0.8,1.7,0.8,0.4"
"518,Guerschon Yabusele\yabusgu01,PF,23,BOS,39,221,12.4,.535,.354,.308,10.1,12.2,11.1,8.6,1.7,2.8,15.0,16.9,,0.2,0.3,0.4,.095,,-2.1,0.3,-1.7,0.0"
"519,Nick Young\youngni01,SG,33,DEN,4,37,2.3,.500,.889,.000,0.0,2.9,1.5,6.8,0.0,2.4,18.2,12.7,,0.0,0.0,0.0,-0.020,,-4.4,-2.7,-7.0,0.0"
"520,Thaddeus Young\youngth01,PF,30,IND,78,2400,16.2,.566,.172,.163,8.9,14.6,11.8,11.8,2.4,1.3,12.0,17.9,,2.9,3.8,6.7,.134,,0.7,2.1,2.8,2.9"
"521,Trae Young\youngtr01,PG,20,ATL,77,2380,16.6,.536,.386,.323,2.5,10.1,6.2,40.3,1.3,0.5,18.0,28.3,,2.1,0.7,2.8,.057,,1.5,-2.8,-1.4,0.4"
"522,Cody Zeller\zelleco01,C,26,CHO,49,1243,17.2,.611,.064,.409,9.3,19.7,14.4,12.1,1.5,2.9,13.2,16.2,,2.6,1.2,3.9,.149,,0.2,1.7,1.9,1.2"
"523,Tyler Zeller\zellety01,C,29,ATL,2,11,1.5,.000,.500,.000,18.8,39.2,28.8,10.7,0.0,0.0,0.0,7.4,,0.0,0.0,0.0,-0.011,,-6.8,-0.3,-7.1,0.0"
"524,Ante Zizic\zizican01,C,22,CLE,55,996,15.8,.581,.000,.401,10.4,22.9,16.4,7.2,0.6,1.8,13.0,17.9,,1.5,0.3,1.8,.085,,-2.0,-1.4,-3.4,-0.3"
"525,Ivica Zubac\zubaciv01,C,21,TOT,55,950,18.6,.604,.000,.331,11.9,23.9,18.0,9.3,0.5,3.9,14.1,20.4,,1.7,1.2,2.9,.147,,-1.3,0.9,-0.4,0.4"
"525,Ivica Zubac\zubaciv01,C,21,LAL,33,516,19.5,.633,.000,.342,11.1,21.2,16.2,7.3,0.4,4.3,12.9,20.5,,1.2,0.6,1.8,.165,,-1.3,0.3,-0.9,0.1"
"525,Ivica Zubac\zubaciv01,C,21,LAC,22,434,17.6,.567,.000,.318,12.9,27.0,20.2,11.8,0.8,3.5,15.4,20.2,,0.6,0.6,1.1,.126,,-1.3,1.5,0.3,0.3"
